Id,Salesforce_Link,FirstName,LastName,Email,AccountId,RY_External_ID__c,CreatedDate
003jX0000008OegQAE,https://business-data-62022.lightning.force.com/lightning/r/Contact/003jX0000008OegQAE/view,Sipho,Naidoo,siphonaidoo1@outlook.com,,RY-CONT-00000359,2026-09-09T10:55:38.000+0000
003jX0000008N9GQAU,https://business-data-62022.lightning.force.com/lightning/r/Contact/003jX0000008N9GQAU/view,Nokuthula,Smith,nokuthula.smith1@gmail.com,,RY-CONT-00000388,2026-09-09T11:01:46.000+0000
003jX0000008R36QAE,https://business-data-62022.lightning.force.com/lightning/r/Contact/003jX0000008R36QAE/view,Kyle,Govender,kyle.govender1@gmail.com,,RY-CONT-00000476,2026-09-09T12:30:40.000+0000
003jX0000008PEBQA2,https://business-data-62022.lightning.force.com/lightning/r/Contact/003jX0000008PEBQA2/view,Busisiwe,Venter,busisiwe.venter1@webmail.co.za,001jX000000CdDlQAK,RY-CONT-00000587,2026-09-09T11:01:11.000+0000
003jX0000008Pu6QAE,https://business-data-62022.lightning.force.com/lightning/r/Contact/003jX0000008Pu6QAE/view,Michael,Nortje,michael.nortje@hotmail.com,001jX000000CbS4QAK,RY-CONT-00000737,2026-09-09T10:58:31.000+0000
003jX0000008PkQQAU,https://business-data-62022.lightning.force.com/lightning/r/Contact/003jX0000008PkQQAU/view,Tshepo,Van der Merwe,tshepo.vandermerwe@gmail.com,,RY-CONT-00000773,2026-09-09T10:59:57.000+0000
003jX0000008PVwQAM,https://business-data-62022.lightning.force.com/lightning/r/Contact/003jX0000008PVwQAM/view,Kagiso,Moodley,,,RY-CONT-00001396,2026-09-09T12:31:12.000+0000
003jX0000008Qa9QAE,https://business-data-62022.lightning.force.com/lightning/r/Contact/003jX0000008Qa9QAE/view,Lerato,Khumalo,lerato.khumalo6@outlook.com,,RY-CONT-00001500,2026-09-09T12:35:58.000+0000
003jX0000008PCZQA2,https://business-data-62022.lightning.force.com/lightning/r/Contact/003jX0000008PCZQA2/view,Katlego,Smith,katlego.smith416@gmail.com,001jX000000Ca9WQAS,RY-CONT-00002411,2026-09-09T10:54:52.000+0000
003jX0000008QaCQAU,https://business-data-62022.lightning.force.com/lightning/r/Contact/003jX0000008QaCQAU/view,Willem,Jansen,willem.jansen6@hotmail.com,001jX000000CdjzQAC,RY-CONT-00003202,2026-09-09T12:39:19.000+0000
003jX0000008PXVQA2,https://business-data-62022.lightning.force.com/lightning/r/Contact/003jX0000008PXVQA2/view,Katlego,Radebe,katlegoradebe1@yahoo.com,,RY-CONT-00003285,2026-09-09T10:55:11.000+0000
003jX0000008NtvQAE,https://business-data-62022.lightning.force.com/lightning/r/Contact/003jX0000008NtvQAE/view,Busisiwe,Zulu,busisiwezulu2@icloud.com,,RY-CONT-00003971,2026-09-09T12:33:55.000+0000
003jX0000008QJvQAM,https://business-data-62022.lightning.force.com/lightning/r/Contact/003jX0000008QJvQAM/view,Elmarie,Adams,elmarie.adams3@gmail.com,,RY-CONT-00004506,2026-09-09T12:29:34.000+0000
003jX0000008Ml1QAE,https://business-data-62022.lightning.force.com/lightning/r/Contact/003jX0000008Ml1QAE/view,Nokuthula,Mahlangu,nokuthula.mahlangu10@outlook.com,001jX000000CdQgQAK,RY-CONT-00004793,2026-09-09T12:38:07.000+0000
003jX0000008Pm2QAE,https://business-data-62022.lightning.force.com/lightning/r/Contact/003jX0000008Pm2QAE/view,Sipho,Van Wyk,sipho.vanwyk8@webmail.co.za,,RY-CONT-00005310,2026-09-09T10:59:32.000+0000
003jX0000008OACQA2,https://business-data-62022.lightning.force.com/lightning/r/Contact/003jX0000008OACQA2/view,Sibusiso,Petersen,sibusiso.petersen6@gmail.com,,RY-CONT-00005462,2026-09-09T12:38:26.000+0000
003jX0000008MGLQA2,https://business-data-62022.lightning.force.com/lightning/r/Contact/003jX0000008MGLQA2/view,Daniel,Fortuin,daniel.fortuin172@telkomsa.net,001jX000000CbS4QAK,RY-CONT-00005835,2026-09-09T12:29:25.000+0000
003jX0000008OI7QAM,https://business-data-62022.lightning.force.com/lightning/r/Contact/003jX0000008OI7QAM/view,Nadia,Dlamini,nadia.dlamini5@gmail.com,,RY-CONT-00006042,2026-09-09T12:27:02.000+0000
003jX0000008Q8cQAE,https://business-data-62022.lightning.force.com/lightning/r/Contact/003jX0000008Q8cQAE/view,Roche,Hendricks,roche.hendricks2@gmail.com,,RY-CONT-00006175,2026-09-09T11:00:54.000+0000
003jX0000008QDTQA2,https://business-data-62022.lightning.force.com/lightning/r/Contact/003jX0000008QDTQA2/view,Ryan,Williams,,,RY-CONT-00008494,2026-09-09T11:02:45.000+0000
003jX0000008PqsQAE,https://business-data-62022.lightning.force.com/lightning/r/Contact/003jX0000008PqsQAE/view,Jessica,Govender,,001jX000000CdjzQAC,RY-CONT-00008500,2026-09-09T10:59:15.000+0000
003jX0000008Q3nQAE,https://business-data-62022.lightning.force.com/lightning/r/Contact/003jX0000008Q3nQAE/view,Tariq,Hendricks,tariq.hendricks4@gmail.com,001jX000000CdX4QAK,RY-CONT-00009197,2026-09-09T10:59:53.000+0000
003jX0000008QlKQAU,https://business-data-62022.lightning.force.com/lightning/r/Contact/003jX0000008QlKQAU/view,Kagiso,Radebe,kagiso.radebe18@gmail.com,,RY-CONT-00009839,2026-09-09T12:27:34.000+0000
003jX0000008LqUQAU,https://business-data-62022.lightning.force.com/lightning/r/Contact/003jX0000008LqUQAU/view,Kagiso,Nel,kagiso.nel14@gmail.com,,RY-CONT-00010617,2026-09-09T12:31:03.000+0000
003jX0000008N5yQAE,https://business-data-62022.lightning.force.com/lightning/r/Contact/003jX0000008N5yQAE/view,Daniel,Radebe,danielradebe6@outlook.com,001jX000000Cae2QAC,RY-CONT-00010754,2026-09-09T12:29:30.000+0000
003jX0000008QTaQAM,https://business-data-62022.lightning.force.com/lightning/r/Contact/003jX0000008QTaQAM/view,Zaid,Van der Merwe,zaid.vandermerwe9@yahoo.com,001jX000000CdX4QAK,RY-CONT-00011415,2026-09-09T11:02:05.000+0000
003jX0000008NykQAE,https://business-data-62022.lightning.force.com/lightning/r/Contact/003jX0000008NykQAE/view,Megan,Mthembu,megan.mthembu994@outlook.com,001jX000000Ce89QAC,RY-CONT-00012661,2026-09-09T12:30:16.000+0000
003jX0000008OmkQAE,https://business-data-62022.lightning.force.com/lightning/r/Contact/003jX0000008OmkQAE/view,Mandla,Govender,mandla_govender4@outlook.com,001jX000000CbWvQAK,RY-CONT-00014096,2026-09-09T10:56:30.000+0000
003jX0000008Lk6QAE,https://business-data-62022.lightning.force.com/lightning/r/Contact/003jX0000008Lk6QAE/view,nokuthula,Mokoena,nokuthulamokoena17@yahoo.com,,RY-CONT-00014218,2026-09-09T10:57:09.000+0000
003jX0000008Q6zQAE,https://business-data-62022.lightning.force.com/lightning/r/Contact/003jX0000008Q6zQAE/view,Thabo,Van Wyk,thabovanwyk20@gmail.com,001jX000000Cd2SQAS,RY-CONT-00015110,2026-09-09T10:58:46.000+0000
003jX0000008PvhQAE,https://business-data-62022.lightning.force.com/lightning/r/Contact/003jX0000008PvhQAE/view,Pieter,Botha,pieter.botha25@telkomsa.net,,RY-CONT-00015485,2026-09-09T10:57:42.000+0000
003jX0000008LlfQAE,https://business-data-62022.lightning.force.com/lightning/r/Contact/003jX0000008LlfQAE/view,Tarryn,Ndlovu,tarrynndlovu342@outlook.com,,RY-CONT-00016694,2026-09-09T11:01:07.000+0000
003jX0000008MTGQA2,https://business-data-62022.lightning.force.com/lightning/r/Contact/003jX0000008MTGQA2/view,Thabo,Dlamini,thabo.dlamini83@outlook.co.za,,RY-CONT-00018403,2026-09-09T11:00:12.000+0000
003jX0000008OYEQA2,https://business-data-62022.lightning.force.com/lightning/r/Contact/003jX0000008OYEQA2/view,Chantelle,Smith,chantelle.smith13@gmail.com,,RY-CONT-00018637,2026-09-09T10:56:35.000+0000
003jX0000008PCaQAM,https://business-data-62022.lightning.force.com/lightning/r/Contact/003jX0000008PCaQAM/view,Lindiwe,Molefe,lindiwe.molefe323@mweb.co.za,,RY-CONT-00019294,2026-09-09T10:54:54.000+0000
003jX0000008PpFQAU,https://business-data-62022.lightning.force.com/lightning/r/Contact/003jX0000008PpFQAU/view,Themba,Nkosi,themba.nkosi64@icloud.com,001jX000000Ca9WQAS,RY-CONT-00020140,2026-09-09T10:57:17.000+0000
003jX0000008OGWQA2,https://business-data-62022.lightning.force.com/lightning/r/Contact/003jX0000008OGWQA2/view,Nokuthula,Coetzee,nokuthula_coetzee131@webmail.co.za,,RY-CONT-00020625,2026-09-09T10:59:44.000+0000
003jX0000008PFnQAM,https://business-data-62022.lightning.force.com/lightning/r/Contact/003jX0000008PFnQAM/view,Thandiwe,Mthembu,thandiwemthembu323@hotmail.com,,RY-CONT-00021261,2026-09-09T11:01:18.000+0000
003jX0000008QYUQA2,https://business-data-62022.lightning.force.com/lightning/r/Contact/003jX0000008QYUQA2/view,Sarah,Pretorius,sarah.pretorius751@gmail.com,001jX000000Cd2SQAS,RY-CONT-00021323,2026-09-09T12:36:33.000+0000
003jX0000008PpGQAU,https://business-data-62022.lightning.force.com/lightning/r/Contact/003jX0000008PpGQAU/view,Emma,Govender,emma.govender19@gmail.com,,RY-CONT-00021343,2026-09-09T10:58:34.000+0000
003jX0000008LQjQAM,https://business-data-62022.lightning.force.com/lightning/r/Contact/003jX0000008LQjQAM/view,Lerato,Nyathi,lerato.nyathi302@hotmail.com,,RY-CONT-00021517,2026-09-09T10:56:57.000+0000
003jX0000008LIdQAM,https://business-data-62022.lightning.force.com/lightning/r/Contact/003jX0000008LIdQAM/view,Ryan,Dlamini,ryan.dlamini34@mweb.co.za,001jX000000Cc1dQAC,RY-CONT-00023001,2026-09-09T10:59:58.000+0000
003jX0000008M0CQAU,https://business-data-62022.lightning.force.com/lightning/r/Contact/003jX0000008M0CQAU/view,David,Radebe,david.radebe170@yahoo.com,001jX000000CbS4QAK,RY-CONT-00023174,2026-09-09T10:56:06.000+0000
003jX0000008P9OQAU,https://business-data-62022.lightning.force.com/lightning/r/Contact/003jX0000008P9OQAU/view,Anmarie,Molefe,anmarie_molefe298@gmail.com,001jX000000CdDlQAK,RY-CONT-00023529,2026-09-09T11:03:23.000+0000
003jX0000008RFyQAM,https://business-data-62022.lightning.force.com/lightning/r/Contact/003jX0000008RFyQAM/view,Roche,Naidoo,roche.naidoo12@gmail.com,,RY-CONT-00024043,2026-09-09T12:29:46.000+0000
003jX0000008PviQAE,https://business-data-62022.lightning.force.com/lightning/r/Contact/003jX0000008PviQAE/view,Michael,Sithole,,,RY-CONT-00024849,2026-09-09T11:03:37.000+0000
003jX0000008LvKQAU,https://business-data-62022.lightning.force.com/lightning/r/Contact/003jX0000008LvKQAU/view,Elmarie,Naidoo,elmarienaidoo437@gmail.com,,RY-CONT-00025257,2026-09-09T10:58:08.000+0000
003jX0000008PiuQAE,https://business-data-62022.lightning.force.com/lightning/r/Contact/003jX0000008PiuQAE/view,Katlego,September,katlego_september954@gmail.com,001jX000000Cc1dQAC,RY-CONT-00025265,2026-09-09T12:37:45.000+0000
003jX0000008PKbQAM,https://business-data-62022.lightning.force.com/lightning/r/Contact/003jX0000008PKbQAM/view,Tshepo,Isaacs,tshepo.isaacs504@icloud.com,001jX000000CdjzQAC,RY-CONT-00027026,2026-09-09T10:54:25.000+0000
003jX0000008QbeQAE,https://business-data-62022.lightning.force.com/lightning/r/Contact/003jX0000008QbeQAE/view,Thandiwe,Van Wyk,thandiwevanwyk18@outlook.com,,RY-CONT-00027945,2026-09-09T12:35:24.000+0000
003jX0000008MrTQAU,https://business-data-62022.lightning.force.com/lightning/r/Contact/003jX0000008MrTQAU/view,Nokuthula,Nkosi,nokuthula.nkosi76@gmail.com,001jX000000CdQgQAK,RY-CONT-00028034,2026-09-09T11:00:18.000+0000
003jX0000008QIIQA2,https://business-data-62022.lightning.force.com/lightning/r/Contact/003jX0000008QIIQA2/view,Dewald,Fourie,,,RY-CONT-00028265,2026-09-09T11:01:14.000+0000
003jX0000008LdbQAE,https://business-data-62022.lightning.force.com/lightning/r/Contact/003jX0000008LdbQAE/view,Refilwe,Smith,refilwe.smith33@outlook.com,001jX000000Cc1dQAC,RY-CONT-00028507,2026-09-09T10:57:41.000+0000
003jX0000008PfZQAU,https://business-data-62022.lightning.force.com/lightning/r/Contact/003jX0000008PfZQAU/view,Johan,Khumalo,johankhumalo717@gmail.com,,RY-CONT-00028716,2026-09-09T10:55:54.000+0000
003jX0000008MrVQAU,https://business-data-62022.lightning.force.com/lightning/r/Contact/003jX0000008MrVQAU/view,Sarah,Sithole,sarahsithole17@outlook.com,,RY-CONT-00029166,2026-09-09T11:02:39.000+0000
003jX0000008MrSQAU,https://business-data-62022.lightning.force.com/lightning/r/Contact/003jX0000008MrSQAU/view,Mpho,Nyathi,mpho.nyathi55@gmail.com,,RY-CONT-00029564,2026-09-09T10:57:31.000+0000
003jX0000008Q0YQAU,https://business-data-62022.lightning.force.com/lightning/r/Contact/003jX0000008Q0YQAU/view,Lwazi,Nkosi,,,RY-CONT-00029820,2026-09-09T11:00:10.000+0000
003jX0000008NfTQAU,https://business-data-62022.lightning.force.com/lightning/r/Contact/003jX0000008NfTQAU/view,Ashwin,Isaacs,ashwin.isaacs964@gmail.com,,RY-CONT-00030452,2026-09-09T12:33:51.000+0000
003jX0000008PxLQAU,https://business-data-62022.lightning.force.com/lightning/r/Contact/003jX0000008PxLQAU/view,Zanele,Daniels,zaneledaniels17@gmail.com,,RY-CONT-00030531,2026-09-09T11:01:02.000+0000
003jX0000008PUIQA2,https://business-data-62022.lightning.force.com/lightning/r/Contact/003jX0000008PUIQA2/view,Thabo,Williams,thabowilliams25@outlook.com,001jX000000Cc1dQAC,RY-CONT-00031014,2026-09-09T10:55:14.000+0000
003jX0000008P7jQAE,https://business-data-62022.lightning.force.com/lightning/r/Contact/003jX0000008P7jQAE/view,David,ndlovu,david.ndlovu234@yahoo.com,001jX000000CdQgQAK,RY-CONT-00031063,2026-09-09T11:02:30.000+0000
003jX0000008NdnQAE,https://business-data-62022.lightning.force.com/lightning/r/Contact/003jX0000008NdnQAE/view,Rajesh,SEPTEMBER,rajeshseptember605@yahoo.com,,RY-CONT-00031475,2026-09-09T10:59:06.000+0000
003jX0000008PsTQAU,https://business-data-62022.lightning.force.com/lightning/r/Contact/003jX0000008PsTQAU/view,Elmarie,abrahams,,,RY-CONT-00031498,2026-09-09T10:57:27.000+0000
003jX0000008P1KQAU,https://business-data-62022.lightning.force.com/lightning/r/Contact/003jX0000008P1KQAU/view,Nokuthula,September,,,RY-CONT-00031626,2026-09-09T12:34:16.000+0000
003jX0000008NQtQAM,https://business-data-62022.lightning.force.com/lightning/r/Contact/003jX0000008NQtQAM/view,Themba,Pillay,themba.pillay575@gmail.com,,RY-CONT-00031727,2026-09-09T10:56:10.000+0000
003jX0000008Ls7QAE,https://business-data-62022.lightning.force.com/lightning/r/Contact/003jX0000008Ls7QAE/view,Mpho,Sithole,mphosithole33@gmail.com,001jX000000CZN2QAO,RY-CONT-00032517,2026-09-09T10:56:43.000+0000
003jX0000008Pm1QAE,https://business-data-62022.lightning.force.com/lightning/r/Contact/003jX0000008Pm1QAE/view,MEGAN,Steyn,megansteyn797@gmail.com,001jX000000CdDlQAK,RY-CONT-00034199,2026-09-09T10:56:37.000+0000
003jX0000008NAkQAM,https://business-data-62022.lightning.force.com/lightning/r/Contact/003jX0000008NAkQAM/view,Tshepo,Sithole,tsheposithole39@live.co.za,001jX000000CbrtQAC,RY-CONT-00034280,2026-09-09T10:55:03.000+0000
003jX0000008Ls8QAE,https://business-data-62022.lightning.force.com/lightning/r/Contact/003jX0000008Ls8QAE/view,Ayanda,Dlamini,ayanda.dlamini116@outlook.com,,RY-CONT-00034569,2026-09-09T10:57:02.000+0000
003jX0000008PHRQA2,https://business-data-62022.lightning.force.com/lightning/r/Contact/003jX0000008PHRQA2/view,Lindiwe,Botha,lindiwe.botha390@gmail.com,,RY-CONT-00035186,2026-09-09T11:02:51.000+0000
003jX0000008OA3QAM,https://business-data-62022.lightning.force.com/lightning/r/Contact/003jX0000008OA3QAM/view,Refilwe,Govender,refilwe.govender480@webmail.co.za,,RY-CONT-00036443,2026-09-09T11:00:42.000+0000
003jX0000008PkRQAU,https://business-data-62022.lightning.force.com/lightning/r/Contact/003jX0000008PkRQAU/view,Nomsa,Abrahams,nomsaabrahams26@webmail.co.za,,RY-CONT-00036714,2026-09-09T11:00:21.000+0000
003jX0000008ODHQA2,https://business-data-62022.lightning.force.com/lightning/r/Contact/003jX0000008ODHQA2/view,Lindiwe,Nel,lindiwenel686@gmail.com,,RY-CONT-00037258,2026-09-09T10:56:41.000+0000
003jX0000008N7WQAU,https://business-data-62022.lightning.force.com/lightning/r/Contact/003jX0000008N7WQAU/view,Sibusiso,Petersen,sibusiso.petersen52@gmail.com,,RY-CONT-00038165,2026-09-09T10:54:47.000+0000
003jX0000008NCOQA2,https://business-data-62022.lightning.force.com/lightning/r/Contact/003jX0000008NCOQA2/view,Emma,Botha,emma_botha5@gmail.com,001jX000000Ca9WQAS,RY-CONT-00038168,2026-09-09T10:59:36.000+0000
003jX0000008PMEQA2,https://business-data-62022.lightning.force.com/lightning/r/Contact/003jX0000008PMEQA2/view,THABO,Mabaso,thabo.mabaso598@gmail.com,,RY-CONT-00039277,2026-09-09T10:55:01.000+0000
003jX0000008OA4QAM,https://business-data-62022.lightning.force.com/lightning/r/Contact/003jX0000008OA4QAM/view,Tshepo,Venter,tshepo.venter61@gmail.com,,RY-CONT-00040076,2026-09-09T11:03:09.000+0000
003jX0000008NNeQAM,https://business-data-62022.lightning.force.com/lightning/r/Contact/003jX0000008NNeQAM/view,Sibusiso,Nyathi,sibusiso.nyathi731@mweb.co.za,,RY-CONT-00040600,2026-09-09T10:55:05.000+0000
003jX0000008MJYQA2,https://business-data-62022.lightning.force.com/lightning/r/Contact/003jX0000008MJYQA2/view,Nkosinathi,Coetzee,nkosinathi.coetzee778@hotmail.com,001jX000000CdfDQAS,RY-CONT-00041050,2026-09-09T11:02:20.000+0000
003jX0000008OA5QAM,https://business-data-62022.lightning.force.com/lightning/r/Contact/003jX0000008OA5QAM/view,Palesa,Isaacs,palesaisaacs22@live.co.za,,RY-CONT-00041827,2026-09-09T11:03:12.000+0000
003jX0000008MMrQAM,https://business-data-62022.lightning.force.com/lightning/r/Contact/003jX0000008MMrQAM/view,Thandiwe,Botha,thandiwe_botha887@gmail.com,,RY-CONT-00042300,2026-09-09T10:59:34.000+0000
003jX0000008PipQAE,https://business-data-62022.lightning.force.com/lightning/r/Contact/003jX0000008PipQAE/view,Shireen,Sibiya,shireen_sibiya513@vodamail.co.za,,RY-CONT-00044956,2026-09-09T11:01:25.000+0000
003jX0000008QOkQAM,https://business-data-62022.lightning.force.com/lightning/r/Contact/003jX0000008QOkQAM/view,Emma,Van der Merwe,emma.vandermerwe430@outlook.com,,RY-CONT-00045206,2026-09-09T11:01:56.000+0000
003jX0000008PXWQA2,https://business-data-62022.lightning.force.com/lightning/r/Contact/003jX0000008PXWQA2/view,Aisha,Coetzee,aishacoetzee455@hotmail.com,,RY-CONT-00047270,2026-09-09T10:55:28.000+0000
003jX0000008P9LQAU,https://business-data-62022.lightning.force.com/lightning/r/Contact/003jX0000008P9LQAU/view,Mpho,FOURIE,mpho.fourie66@outlook.co.za,,RY-CONT-00047290,2026-09-09T10:56:05.000+0000
003jX0000008Lx1QAE,https://business-data-62022.lightning.force.com/lightning/r/Contact/003jX0000008Lx1QAE/view,Nokuthula,Abrahams,nokuthula.abrahams135@vodamail.co.za,,RY-CONT-00047308,2026-09-09T10:56:46.000+0000
003jX0000008PXYQA2,https://business-data-62022.lightning.force.com/lightning/r/Contact/003jX0000008PXYQA2/view,Bongani,Maseko,bongani.maseko211@outlook.com,001jX000000CYlvQAG,RY-CONT-00047813,2026-09-09T11:02:46.000+0000
003jX0000008NSUQA2,https://business-data-62022.lightning.force.com/lightning/r/Contact/003jX0000008NSUQA2/view,David,Maseko,david.maseko630@gmail.com,,RY-CONT-00048126,2026-09-09T10:54:15.000+0000
003jX0000008PR5QAM,https://business-data-62022.lightning.force.com/lightning/r/Contact/003jX0000008PR5QAM/view,sibusiso,Mabaso,sibusiso_mabaso15@telkomsa.net,,RY-CONT-00048500,2026-09-09T11:01:29.000+0000
003jX0000008NNiQAM,https://business-data-62022.lightning.force.com/lightning/r/Contact/003jX0000008NNiQAM/view,Nokuthula,Petersen,nokuthula.petersen76@yahoo.com,001jX000000Ce89QAC,RY-CONT-00048810,2026-09-09T12:37:07.000+0000
003jX0000008NHCQA2,https://business-data-62022.lightning.force.com/lightning/r/Contact/003jX0000008NHCQA2/view,Priya,DLAMINI,priya.dlamini74@yahoo.com,,RY-CONT-00049021,2026-09-09T12:27:53.000+0000
003jX0000008O8QQAU,https://business-data-62022.lightning.force.com/lightning/r/Contact/003jX0000008O8QQAU/view,Naledi,Govender,naledi_govender20@hotmail.com,001jX000000CbrtQAC,RY-CONT-00049105,2026-09-09T12:28:21.000+0000
003jX0000008OuoQAE,https://business-data-62022.lightning.force.com/lightning/r/Contact/003jX0000008OuoQAE/view,Priya,Mahlangu,priya.mahlangu38@icloud.com,,RY-CONT-00049315,2026-09-09T10:54:55.000+0000
003jX0000008OhwQAE,https://business-data-62022.lightning.force.com/lightning/r/Contact/003jX0000008OhwQAE/view,Sibusiso,Moodley,sibusisomoodley20@gmail.com,,RY-CONT-00050106,2026-09-09T10:55:58.000+0000
003jX0000008RO1QAM,https://business-data-62022.lightning.force.com/lightning/r/Contact/003jX0000008RO1QAM/view,Sibusiso,Mahlangu,sibusiso.mahlangu84@gmail.com,,RY-CONT-00050426,2026-09-09T12:29:53.000+0000
003jX0000008ORmQAM,https://business-data-62022.lightning.force.com/lightning/r/Contact/003jX0000008ORmQAM/view,Busisiwe,maseko,busisiwemaseko102@gmail.com,,RY-CONT-00050447,2026-09-09T10:57:55.000+0000
003jX0000008QYPQA2,https://business-data-62022.lightning.force.com/lightning/r/Contact/003jX0000008QYPQA2/view,Chad,PRETORIUS,chadpretorius7@gmail.com,,RY-CONT-00051260,2026-09-09T11:03:04.000+0000
003jX0000008MY3QAM,https://business-data-62022.lightning.force.com/lightning/r/Contact/003jX0000008MY3QAM/view,Mpho,Mokoena,mphomokoena83@gmail.com,001jX000000Ce9lQAC,RY-CONT-00054274,2026-09-09T10:58:10.000+0000
003jX0000008MhlQAE,https://business-data-62022.lightning.force.com/lightning/r/Contact/003jX0000008MhlQAE/view,Pieter,Molefe,pieter.molefe83@hotmail.com,001jX000000CbrtQAC,RY-CONT-00054583,2026-09-09T10:59:47.000+0000
003jX0000008NlsQAE,https://business-data-62022.lightning.force.com/lightning/r/Contact/003jX0000008NlsQAE/view,Katlego,Coetzee,katlego.coetzee60@gmail.com,,RY-CONT-00054723,2026-09-09T11:03:15.000+0000
003jX0000008PkPQAU,https://business-data-62022.lightning.force.com/lightning/r/Contact/003jX0000008PkPQAU/view,Themba,Nortje,themba.nortje929@live.co.za,001jX000000Cd2SQAS,RY-CONT-00054811,2026-09-09T10:56:24.000+0000
003jX0000008PdyQAE,https://business-data-62022.lightning.force.com/lightning/r/Contact/003jX0000008PdyQAE/view,Johan,Mthembu,johan.mthembu100@gmail.com,,RY-CONT-00055042,2026-09-09T10:58:37.000+0000
003jX0000008P1HQAU,https://business-data-62022.lightning.force.com/lightning/r/Contact/003jX0000008P1HQAU/view,Sibusiso,Radebe,sibusiso.radebe87@gmail.com,001jX000000CaEIQA0,RY-CONT-00055525,2026-09-09T10:58:40.000+0000
003jX0000008PHPQA2,https://business-data-62022.lightning.force.com/lightning/r/Contact/003jX0000008PHPQA2/view,Pieter,Dlamini,,001jX000000Ca9WQAS,RY-CONT-00056036,2026-09-09T11:01:49.000+0000
003jX0000008MUqQAM,https://business-data-62022.lightning.force.com/lightning/r/Contact/003jX0000008MUqQAM/view,Bongani,Jacobs,bonganijacobs867@outlook.com,,RY-CONT-00056805,2026-09-09T10:56:28.000+0000
003jX0000008N2hQAE,https://business-data-62022.lightning.force.com/lightning/r/Contact/003jX0000008N2hQAE/view,Lwazi,du plessis,lwazi.duplessis63@gmail.com,,RY-CONT-00056903,2026-09-09T11:02:22.000+0000
003jX0000008QTcQAM,https://business-data-62022.lightning.force.com/lightning/r/Contact/003jX0000008QTcQAM/view,Sipho,Govender,sipho.govender123@vodamail.co.za,001jX000000Cae2QAC,RY-CONT-00057732,2026-09-09T12:38:40.000+0000
003jX0000008QAFQA2,https://business-data-62022.lightning.force.com/lightning/r/Contact/003jX0000008QAFQA2/view,Thandiwe,Dlamini,thandiwedlamini770@outlook.com,,RY-CONT-00058620,2026-09-09T11:00:46.000+0000
003jX0000008QF3QAM,https://business-data-62022.lightning.force.com/lightning/r/Contact/003jX0000008QF3QAM/view,James,Abrahams,james.abrahams48@outlook.com,,RY-CONT-00059637,2026-09-09T11:00:07.000+0000
003jX0000008NPIQA2,https://business-data-62022.lightning.force.com/lightning/r/Contact/003jX0000008NPIQA2/view,Lerato,Reddy,lerato.reddy127@webmail.co.za,001jX000000Cc6PQAS,RY-CONT-00059876,2026-09-09T10:55:50.000+0000
003jX0000008QWnQAM,https://business-data-62022.lightning.force.com/lightning/r/Contact/003jX0000008QWnQAM/view,Mandla,Isaacs,mandla.isaacs82@icloud.com,,RY-CONT-00060281,2026-09-09T11:02:59.000+0000
003jX0000008Mg9QAE,https://business-data-62022.lightning.force.com/lightning/r/Contact/003jX0000008Mg9QAE/view,Sarah,Zulu,sarah.zulu77@outlook.com,,RY-CONT-00060405,2026-09-09T11:03:25.000+0000
003jX0000008PKdQAM,https://business-data-62022.lightning.force.com/lightning/r/Contact/003jX0000008PKdQAM/view,Palesa,Dlamini,palesa.dlamini177@gmail.com,,RY-CONT-00061704,2026-09-09T10:55:21.000+0000
003jX0000008QQLQA2,https://business-data-62022.lightning.force.com/lightning/r/Contact/003jX0000008QQLQA2/view,Pieter,Pillay,pieter.pillay88@live.co.za,,RY-CONT-00062307,2026-09-09T11:01:40.000+0000
003jX0000008LvLQAU,https://business-data-62022.lightning.force.com/lightning/r/Contact/003jX0000008LvLQAU/view,Thandiwe,Molefe,thandiwemolefe53@gmail.com,,RY-CONT-00062911,2026-09-09T10:59:11.000+0000
003jX0000008NdoQAE,https://business-data-62022.lightning.force.com/lightning/r/Contact/003jX0000008NdoQAE/view,Ayanda,Khumalo,ayanda.khumalo185@gmail.com,,RY-CONT-00063101,2026-09-09T10:59:51.000+0000
003jX0000008RSrQAM,https://business-data-62022.lightning.force.com/lightning/r/Contact/003jX0000008RSrQAM/view,Chantelle,Mokoena,chantelle.mokoena91@gmail.com,001jX000000CdjzQAC,RY-CONT-00063580,2026-09-09T12:30:11.000+0000
003jX0000008MWTQA2,https://business-data-62022.lightning.force.com/lightning/r/Contact/003jX0000008MWTQA2/view,Zaid,Du Plessis,zaid.duplessis84@mweb.co.za,,RY-CONT-00064267,2026-09-09T11:02:27.000+0000
003jX0000008NYyQAM,https://business-data-62022.lightning.force.com/lightning/r/Contact/003jX0000008NYyQAM/view,Thabo,Steyn,thabo.steyn144@gmail.com,001jX000000Cae2QAC,RY-CONT-00064746,2026-09-09T10:58:36.000+0000
003jX0000008ML8QAM,https://business-data-62022.lightning.force.com/lightning/r/Contact/003jX0000008ML8QAM/view,Lindiwe,Van Wyk,lindiwe.vanwyk85@yahoo.com,,RY-CONT-00067037,2026-09-09T11:00:00.000+0000
003jX0000008PZ9QAM,https://business-data-62022.lightning.force.com/lightning/r/Contact/003jX0000008PZ9QAM/view,Aisha,Maseko,aisha.maseko48@gmail.com,,RY-CONT-00067709,2026-09-09T11:01:20.000+0000
003jX0000008LybQAE,https://business-data-62022.lightning.force.com/lightning/r/Contact/003jX0000008LybQAE/view,Ayanda,Nyathi,ayanda.nyathi417@telkomsa.net,001jX000000Ce89QAC,RY-CONT-00069092,2026-09-09T11:01:33.000+0000
003jX0000008N9EQAU,https://business-data-62022.lightning.force.com/lightning/r/Contact/003jX0000008N9EQAU/view,Mpho,Dlamini,mpho.dlamini247@hotmail.com,001jX000000CbS4QAK,RY-CONT-00069553,2026-09-09T11:00:44.000+0000
003jX0000008PvlQAE,https://business-data-62022.lightning.force.com/lightning/r/Contact/003jX0000008PvlQAE/view,Bongani,Maseko,bongani.maseko154@outlook.com,001jX000000Cd2SQAS,RY-CONT-00070000,2026-09-09T12:34:18.000+0000
003jX0000008QGgQAM,https://business-data-62022.lightning.force.com/lightning/r/Contact/003jX0000008QGgQAM/view,Sipho,Zulu,sipho.zulu183@outlook.co.za,,RY-CONT-00070091,2026-09-09T11:02:13.000+0000
003jX0000008Lk5QAE,https://business-data-62022.lightning.force.com/lightning/r/Contact/003jX0000008Lk5QAE/view,Sipho,Zulu,siphozulu4@gmail.com,,RY-CONT-00070131,2026-09-09T10:56:33.000+0000
003jX0000008OhyQAE,https://business-data-62022.lightning.force.com/lightning/r/Contact/003jX0000008OhyQAE/view,Bongani,Nkosi,bonganinkosi107@outlook.com,,RY-CONT-00070779,2026-09-09T11:02:18.000+0000
003jX0000008Q5PQAU,https://business-data-62022.lightning.force.com/lightning/r/Contact/003jX0000008Q5PQAU/view,Thabo,Williams,thabo.williams159@telkomsa.net,001jX000000CbWvQAK,RY-CONT-00070977,2026-09-09T11:03:18.000+0000
003jX0000008NHFQA2,https://business-data-62022.lightning.force.com/lightning/r/Contact/003jX0000008NHFQA2/view,Jessica,Steyn,jessica.steyn61@icloud.com,,RY-CONT-00071088,2026-09-09T12:31:42.000+0000
003jX0000008PKcQAM,https://business-data-62022.lightning.force.com/lightning/r/Contact/003jX0000008PKcQAM/view,Lerato,Nkosi,leratonkosi129@outlook.com,001jX000000CZyBQAW,RY-CONT-00071199,2026-09-09T10:54:57.000+0000
003jX0000008RRFQA2,https://business-data-62022.lightning.force.com/lightning/r/Contact/003jX0000008RRFQA2/view,Katlego,Molefe,katlegomolefe75@gmail.com,,RY-CONT-00071333,2026-09-09T12:30:09.000+0000
003jX0000008PKgQAM,https://business-data-62022.lightning.force.com/lightning/r/Contact/003jX0000008PKgQAM/view,Kirsten,Abrahams,kirsten.abrahams421@yahoo.com,,RY-CONT-00072459,2026-09-09T12:34:05.000+0000
003jX0000008QRxQAM,https://business-data-62022.lightning.force.com/lightning/r/Contact/003jX0000008QRxQAM/view,Lerato,Coetzee,leratocoetzee66@gmail.com,001jX000000CZyBQAW,RY-CONT-00073017,2026-09-09T11:01:54.000+0000
003jX0000008QOmQAM,https://business-data-62022.lightning.force.com/lightning/r/Contact/003jX0000008QOmQAM/view,NOMSA,Van der Merwe,nomsa.vandermerwe198@gmail.com,,RY-CONT-00074853,2026-09-09T11:03:27.000+0000
003jX0000008PCYQA2,https://business-data-62022.lightning.force.com/lightning/r/Contact/003jX0000008PCYQA2/view,Kagiso,mthembu,kagiso.mthembu150@gmail.com,001jX000000CaKhQAK,RY-CONT-00075389,2026-09-09T10:54:19.000+0000
003jX0000008Q5NQAU,https://business-data-62022.lightning.force.com/lightning/r/Contact/003jX0000008Q5NQAU/view,Lerato,Pretorius,lerato.pretorius181@live.co.za,,RY-CONT-00076454,2026-09-09T10:58:45.000+0000
003jX0000008NcCQAU,https://business-data-62022.lightning.force.com/lightning/r/Contact/003jX0000008NcCQAU/view,Thabo,Smith,thabo.smith479@live.co.za,,RY-CONT-00077578,2026-09-09T10:56:51.000+0000
003jX0000008Q2AQAU,https://business-data-62022.lightning.force.com/lightning/r/Contact/003jX0000008Q2AQAU/view,Kagiso,Molefe,kagiso.molefe150@live.co.za,,RY-CONT-00079289,2026-09-09T10:58:13.000+0000
003jX0000008Oy4QAE,https://business-data-62022.lightning.force.com/lightning/r/Contact/003jX0000008Oy4QAE/view,Priya,Mahlangu,priyamahlangu718@gmail.com,001jX000000CcG3QAK,RY-CONT-00080304,2026-09-09T11:00:39.000+0000
003jX0000008PMDQA2,https://business-data-62022.lightning.force.com/lightning/r/Contact/003jX0000008PMDQA2/view,Pieter,Maseko,pietermaseko41@webmail.co.za,,RY-CONT-00080320,2026-09-09T10:54:30.000+0000
003jX0000008QF9QAM,https://business-data-62022.lightning.force.com/lightning/r/Contact/003jX0000008QF9QAM/view,Zanele,Van der Merwe,zanele.vandermerwe655@yahoo.com,001jX000000CdDlQAK,RY-CONT-00080790,2026-09-09T12:29:54.000+0000
003jX0000008LNUQA2,https://business-data-62022.lightning.force.com/lightning/r/Contact/003jX0000008LNUQA2/view,Nkosinathi,Jacobs,nkosinathijacobs42@outlook.com,,RY-CONT-00080973,2026-09-09T10:58:32.000+0000
003jX0000008OMzQAM,https://business-data-62022.lightning.force.com/lightning/r/Contact/003jX0000008OMzQAM/view,Themba,Mabaso,,,RY-CONT-00081905,2026-09-09T10:57:03.000+0000
003jX0000008QADQA2,https://business-data-62022.lightning.force.com/lightning/r/Contact/003jX0000008QADQA2/view,TARRYN,Mokoena,tarryn.mokoena74@gmail.com,,RY-CONT-00082392,2026-09-09T10:58:56.000+0000
003jX0000008OTQQA2,https://business-data-62022.lightning.force.com/lightning/r/Contact/003jX0000008OTQQA2/view,Bongani,Dlamini,bongani.dlamini294@gmail.com,,RY-CONT-00082456,2026-09-09T11:01:53.000+0000
003jX0000008QdFQAU,https://business-data-62022.lightning.force.com/lightning/r/Contact/003jX0000008QdFQAU/view,Nokuthula,Khumalo,nokuthula_khumalo186@gmail.com,001jX000000Cd2SQAS,RY-CONT-00082521,2026-09-09T11:03:13.000+0000
003jX0000008MMvQAM,https://business-data-62022.lightning.force.com/lightning/r/Contact/003jX0000008MMvQAM/view,Sibusiso,Mokoena,sibusiso.mokoena197@gmail.com,,RY-CONT-00083179,2026-09-09T12:33:32.000+0000
003jX0000008LFSQA2,https://business-data-62022.lightning.force.com/lightning/r/Contact/003jX0000008LFSQA2/view,Hendrik,September,hendrik.september42@gmail.com,001jX000000CYqyQAG,RY-CONT-00083538,2026-09-09T12:27:57.000+0000
003jX0000008PHSQA2,https://business-data-62022.lightning.force.com/lightning/r/Contact/003jX0000008PHSQA2/view,Mandla,Van Wyk,mandla.vanwyk131@gmail.com,001jX000000CcG3QAK,RY-CONT-00083593,2026-09-09T11:02:52.000+0000
003jX0000008OwRQAU,https://business-data-62022.lightning.force.com/lightning/r/Contact/003jX0000008OwRQAU/view,Lindiwe,Fourie,lindiwefourie49@gmail.com,001jX000000CbS4QAK,RY-CONT-00083695,2026-09-09T11:02:57.000+0000
003jX0000008LFRQA2,https://business-data-62022.lightning.force.com/lightning/r/Contact/003jX0000008LFRQA2/view,Sibusiso,Jansen,sibusisojansen43@gmail.com,001jX000000CaKhQAK,RY-CONT-00084703,2026-09-09T12:27:39.000+0000
003jX0000008MZhQAM,https://business-data-62022.lightning.force.com/lightning/r/Contact/003jX0000008MZhQAM/view,Naledi,Mokoena,naledi.mokoena206@gmail.com,,RY-CONT-00084919,2026-09-09T10:59:07.000+0000
003jX0000008PvjQAE,https://business-data-62022.lightning.force.com/lightning/r/Contact/003jX0000008PvjQAE/view,Daniel,Steyn,daniel.steyn735@gmail.com,001jX000000CdjzQAC,RY-CONT-00085085,2026-09-09T11:03:40.000+0000
003jX0000008MRfQAM,https://business-data-62022.lightning.force.com/lightning/r/Contact/003jX0000008MRfQAM/view,Lwazi,Zulu,lwazi.zulu424@gmail.com,001jX000000CbS4QAK,RY-CONT-00085186,2026-09-09T12:34:03.000+0000
003jX0000008OEtQAM,https://business-data-62022.lightning.force.com/lightning/r/Contact/003jX0000008OEtQAM/view,Kagiso,ABRAHAMS,kagiso.abrahams884@gmail.com,,RY-CONT-00085539,2026-09-09T11:00:41.000+0000
003jX0000008ON0QAM,https://business-data-62022.lightning.force.com/lightning/r/Contact/003jX0000008ON0QAM/view,Tshepo,Dlamini,tshepo.dlamini269@hotmail.com,,RY-CONT-00085947,2026-09-09T10:57:33.000+0000
003jX0000008MrQQAU,https://business-data-62022.lightning.force.com/lightning/r/Contact/003jX0000008MrQQAU/view,Mandla,Du Plessis,mandla.duplessis152@gmail.com,001jX000000CYlvQAG,RY-CONT-00086356,2026-09-09T10:55:55.000+0000
003jX0000008OjXQAU,https://business-data-62022.lightning.force.com/lightning/r/Contact/003jX0000008OjXQAU/view,Thabo,Radebe,thaboradebe100@gmail.com,,RY-CONT-00086878,2026-09-09T10:59:37.000+0000
003jX0000008LvOQAU,https://business-data-62022.lightning.force.com/lightning/r/Contact/003jX0000008LvOQAU/view,Lindiwe,Mahlangu,lindiwe.mahlangu520@gmail.com,001jX000000Cc6PQAS,RY-CONT-00086886,2026-09-09T12:38:19.000+0000
003jX0000008PhHQAU,https://business-data-62022.lightning.force.com/lightning/r/Contact/003jX0000008PhHQAU/view,Tshepo,Zulu,tshepo.zulu179@gmail.com,,RY-CONT-00086926,2026-09-09T12:34:53.000+0000
003jX0000008LSJQA2,https://business-data-62022.lightning.force.com/lightning/r/Contact/003jX0000008LSJQA2/view,Tarryn,Van der Merwe,tarryn.vandermerwe78@hotmail.com,,RY-CONT-00087791,2026-09-09T12:28:16.000+0000
003jX0000008QLVQA2,https://business-data-62022.lightning.force.com/lightning/r/Contact/003jX0000008QLVQA2/view,Fatima,Adams,fatima.adams66@outlook.com,,RY-CONT-00087990,2026-09-09T11:01:04.000+0000
003jX0000008OlAQAU,https://business-data-62022.lightning.force.com/lightning/r/Contact/003jX0000008OlAQAU/view,Lindiwe,Coetzee,lindiwe.coetzee131@gmail.com,001jX000000Ccw0QAC,RY-CONT-00088966,2026-09-09T10:57:11.000+0000
003jX0000008MMqQAM,https://business-data-62022.lightning.force.com/lightning/r/Contact/003jX0000008MMqQAM/view,nkosinathi,Zulu,nkosinathizulu63@gmail.com,001jX000000Ce89QAC,RY-CONT-00090034,2026-09-09T10:59:20.000+0000
003jX0000008O5FQAU,https://business-data-62022.lightning.force.com/lightning/r/Contact/003jX0000008O5FQAU/view,Bongani,Van Wyk,bonganivanwyk993@gmail.com,,RY-CONT-00090681,2026-09-09T12:30:36.000+0000
003jX0000008PAwQAM,https://business-data-62022.lightning.force.com/lightning/r/Contact/003jX0000008PAwQAM/view,Thabo,Smith,thabo.smith172@gmail.com,,RY-CONT-00091658,2026-09-09T11:03:01.000+0000
003jX0000008OhxQAE,https://business-data-62022.lightning.force.com/lightning/r/Contact/003jX0000008OhxQAE/view,Zaid,Nortje,zaid_nortje4@gmail.com,001jX000000CcG3QAK,RY-CONT-00091811,2026-09-09T10:56:01.000+0000
003jX0000008Q5OQAU,https://business-data-62022.lightning.force.com/lightning/r/Contact/003jX0000008Q5OQAU/view,Nomsa,Radebe,nomsa.radebe191@outlook.com,001jX000000CaEIQA0,RY-CONT-00092626,2026-09-09T11:00:56.000+0000
003jX0000008PywQAE,https://business-data-62022.lightning.force.com/lightning/r/Contact/003jX0000008PywQAE/view,Daniel,ADAMS,danieladams824@hotmail.com,001jX000000Ce9lQAC,RY-CONT-00093091,2026-09-09T11:00:24.000+0000
003jX0000008PNrQAM,https://business-data-62022.lightning.force.com/lightning/r/Contact/003jX0000008PNrQAM/view,Lindiwe,Fortuin,lindiwe_fortuin4@mweb.co.za,001jX000000Cae2QAC,RY-CONT-00096220,2026-09-09T11:03:03.000+0000
003jX0000008LyYQAU,https://business-data-62022.lightning.force.com/lightning/r/Contact/003jX0000008LyYQAU/view,Priya,Zulu,priyazulu33@outlook.com,,RY-CONT-00096389,2026-09-09T10:54:59.000+0000
003jX0000008OzeQAE,https://business-data-62022.lightning.force.com/lightning/r/Contact/003jX0000008OzeQAE/view,Thabo,Ndlovu,,001jX000000CZN2QAO,RY-CONT-00096505,2026-09-09T11:01:16.000+0000
003jX0000008Nh1QAE,https://business-data-62022.lightning.force.com/lightning/r/Contact/003jX0000008Nh1QAE/view,James,Van Wyk,james_vanwyk18@webmail.co.za,,RY-CONT-00097125,2026-09-09T10:58:51.000+0000
003jX0000008NlrQAE,https://business-data-62022.lightning.force.com/lightning/r/Contact/003jX0000008NlrQAE/view,Ilse,Nel,ilse.nel30@gmail.com,,RY-CONT-00097983,2026-09-09T10:58:22.000+0000
003jX0000008ObTQAU,https://business-data-62022.lightning.force.com/lightning/r/Contact/003jX0000008ObTQAU/view,Thandiwe,Mthembu,thandiwe.mthembu216@gmail.com,,RY-CONT-00098136,2026-09-09T11:00:15.000+0000
003jX0000008M6gQAE,https://business-data-62022.lightning.force.com/lightning/r/Contact/003jX0000008M6gQAE/view,Zodwa,Dlamini,zodwa.dlamini450@hotmail.com,,RY-CONT-00098900,2026-09-09T12:31:23.000+0000
003jX0000008MD6QAM,https://business-data-62022.lightning.force.com/lightning/r/Contact/003jX0000008MD6QAM/view,Chantelle,Jansen,chantelle.jansen70@gmail.com,001jX000000Ce89QAC,RY-CONT-00100638,2026-09-09T10:57:00.000+0000
003jX0000008PUHQA2,https://business-data-62022.lightning.force.com/lightning/r/Contact/003jX0000008PUHQA2/view,Katlego,Mahlangu,katlego.mahlangu193@gmail.com,,RY-CONT-00101189,2026-09-09T10:54:50.000+0000
003jX0000008Ls9QAE,https://business-data-62022.lightning.force.com/lightning/r/Contact/003jX0000008Ls9QAE/view,MICHAEL,Steyn,michael.steyn112@telkomsa.net,,RY-CONT-00101766,2026-09-09T10:57:37.000+0000
003jX0000008ON1QAM,https://business-data-62022.lightning.force.com/lightning/r/Contact/003jX0000008ON1QAM/view,Naledi,Jansen,naledi.jansen925@gmail.com,,RY-CONT-00103248,2026-09-09T11:00:58.000+0000
003jX0000008PfbQAE,https://business-data-62022.lightning.force.com/lightning/r/Contact/003jX0000008PfbQAE/view,Johan,Pillay,johan.pillay162@gmail.com,,RY-CONT-00103760,2026-09-09T10:58:48.000+0000
003jX0000008LQiQAM,https://business-data-62022.lightning.force.com/lightning/r/Contact/003jX0000008LQiQAM/view,Hendrik,SEPTEMBER,hendrik.september60@gmail.com,,RY-CONT-00104242,2026-09-09T10:55:27.000+0000
003jX0000008MRcQAM,https://business-data-62022.lightning.force.com/lightning/r/Contact/003jX0000008MRcQAM/view,Kirsten,Maseko,kirsten.maseko77@gmail.com,001jX000000CbDbQAK,RY-CONT-00104476,2026-09-09T11:02:15.000+0000
003jX0000008NnXQAU,https://business-data-62022.lightning.force.com/lightning/r/Contact/003jX0000008NnXQAU/view,Nomsa,Isaacs,nomsa.isaacs548@gmail.com,,RY-CONT-00105074,2026-09-09T10:59:49.000+0000
003jX0000008PajQAE,https://business-data-62022.lightning.force.com/lightning/r/Contact/003jX0000008PajQAE/view,Nkosinathi,Petersen,nkosinathi.petersen98@icloud.com,,RY-CONT-00105342,2026-09-09T10:55:18.000+0000
003jX0000008LleQAE,https://business-data-62022.lightning.force.com/lightning/r/Contact/003jX0000008LleQAE/view,Tarryn,Khumalo,tarryn.khumalo111@gmail.com,,RY-CONT-00105947,2026-09-09T10:56:58.000+0000
003jX0000008PfaQAE,https://business-data-62022.lightning.force.com/lightning/r/Contact/003jX0000008PfaQAE/view,Sarah,Van der Merwe,sarahvandermerwe67@webmail.co.za,001jX000000Cc6PQAS,RY-CONT-00106533,2026-09-09T10:58:16.000+0000
003jX0000008PSfQAM,https://business-data-62022.lightning.force.com/lightning/r/Contact/003jX0000008PSfQAM/view,Ayanda,Isaacs,ayandaisaacs63@gmail.com,,RY-CONT-00107171,2026-09-09T10:54:40.000+0000
003jX0000008PR3QAM,https://business-data-62022.lightning.force.com/lightning/r/Contact/003jX0000008PR3QAM/view,Megan,Maseko,,001jX000000CYqyQAG,RY-CONT-00107424,2026-09-09T10:54:38.000+0000
003jX0000008PkSQAU,https://business-data-62022.lightning.force.com/lightning/r/Contact/003jX0000008PkSQAU/view,Marlize,Dlamini,marlize.dlamini133@gmail.com,001jX000000Ce9lQAC,RY-CONT-00108362,2026-09-09T11:02:35.000+0000
003jX0000008Q3lQAE,https://business-data-62022.lightning.force.com/lightning/r/Contact/003jX0000008Q3lQAE/view,Nokuthula,Nkosi,nokuthula.nkosi327@gmail.com,001jX000000CYlvQAG,RY-CONT-00108365,2026-09-09T10:58:21.000+0000
003jX0000008Mt0QAE,https://business-data-62022.lightning.force.com/lightning/r/Contact/003jX0000008Mt0QAE/view,Michael,Nel,michael.nel532@outlook.com,,RY-CONT-00108585,2026-09-09T10:55:47.000+0000
003jX0000008OtCQAU,https://business-data-62022.lightning.force.com/lightning/r/Contact/003jX0000008OtCQAU/view,Themba,Sibiya,thembasibiya65@gmail.com,001jX000000CdX4QAK,RY-CONT-00108783,2026-09-09T10:57:35.000+0000
003jX0000008RPdQAM,https://business-data-62022.lightning.force.com/lightning/r/Contact/003jX0000008RPdQAM/view,Sibusiso,Khumalo,sibusiso_khumalo56@icloud.com,,RY-CONT-00108936,2026-09-09T12:30:04.000+0000
003jX0000008LTxQAM,https://business-data-62022.lightning.force.com/lightning/r/Contact/003jX0000008LTxQAM/view,Chad,Venter,chadventer21@gmail.com,001jX000000CaKhQAK,RY-CONT-00110495,2026-09-09T11:01:22.000+0000
003jX0000008MZiQAM,https://business-data-62022.lightning.force.com/lightning/r/Contact/003jX0000008MZiQAM/view,Bongani,Van der Merwe,bongani.vandermerwe554@outlook.com,,RY-CONT-00110687,2026-09-09T11:00:48.000+0000
003jX0000008N5zQAE,https://business-data-62022.lightning.force.com/lightning/r/Contact/003jX0000008N5zQAE/view,Kyle,Dlamini,kyle.dlamini125@outlook.com,001jX000000CaEIQA0,RY-CONT-00111548,2026-09-09T12:29:36.000+0000
003jX0000008Nh0QAE,https://business-data-62022.lightning.force.com/lightning/r/Contact/003jX0000008Nh0QAE/view,Lindiwe,Nkosi,lindiwe.nkosi59@telkomsa.net,,RY-CONT-00111840,2026-09-09T10:58:19.000+0000
003jX0000008LLsQAM,https://business-data-62022.lightning.force.com/lightning/r/Contact/003jX0000008LLsQAM/view,Lindiwe,September,lindiweseptember678@yahoo.com,001jX000000CbDbQAK,RY-CONT-00112485,2026-09-09T10:57:47.000+0000
003jX0000008P9MQAU,https://business-data-62022.lightning.force.com/lightning/r/Contact/003jX0000008P9MQAU/view,Ryan,Sithole,ryan.sithole44@outlook.com,,RY-CONT-00113067,2026-09-09T11:01:26.000+0000
003jX0000008OhzQAE,https://business-data-62022.lightning.force.com/lightning/r/Contact/003jX0000008OhzQAE/view,Yusuf,Nkosi,yusuf.nkosi177@hotmail.com,,RY-CONT-00113250,2026-09-09T11:03:22.000+0000
003jX0000008QJtQAM,https://business-data-62022.lightning.force.com/lightning/r/Contact/003jX0000008QJtQAM/view,Thabo,Reddy,thaboreddy119@gmail.com,,RY-CONT-00114354,2026-09-09T11:00:59.000+0000
003jX0000008Pu5QAE,https://business-data-62022.lightning.force.com/lightning/r/Contact/003jX0000008Pu5QAE/view,Andile,Hendricks,,001jX000000CbrtQAC,RY-CONT-00114394,2026-09-09T10:57:29.000+0000
003jX0000008NxAQAU,https://business-data-62022.lightning.force.com/lightning/r/Contact/003jX0000008NxAQAU/view,Elmarie,Naidoo,elmarie.naidoo549@gmail.com,,RY-CONT-00114804,2026-09-09T10:57:58.000+0000
003jX0000008PqtQAE,https://business-data-62022.lightning.force.com/lightning/r/Contact/003jX0000008PqtQAE/view,Themba,Hendricks,themba.hendricks152@gmail.com,,RY-CONT-00115418,2026-09-09T11:00:02.000+0000
003jX0000008KzJQAU,https://business-data-62022.lightning.force.com/lightning/r/Contact/003jX0000008KzJQAU/view,Anmarie,Nyathi,anmarienyathi37@icloud.com,,RY-CONT-00115901,2026-09-09T10:57:44.000+0000
003jX0000008N15QAE,https://business-data-62022.lightning.force.com/lightning/r/Contact/003jX0000008N15QAE/view,Thandiwe,Mabaso,thandiwe.mabaso193@gmail.com,,RY-CONT-00116629,2026-09-09T10:55:40.000+0000
003jX0000008OjYQAU,https://business-data-62022.lightning.force.com/lightning/r/Contact/003jX0000008OjYQAU/view,Chantelle,Mokoena,chantellemokoena753@gmail.com,,RY-CONT-00116887,2026-09-09T10:59:39.000+0000
003jX0000008PR8QAM,https://business-data-62022.lightning.force.com/lightning/r/Contact/003jX0000008PR8QAM/view,Priya,Smith,priya.smith85@hotmail.com,001jX000000Cc1dQAC,RY-CONT-00116894,2026-09-09T12:30:55.000+0000
003jX0000008MmYQAU,https://business-data-62022.lightning.force.com/lightning/r/Contact/003jX0000008MmYQAU/view,Zanele,Smith,zanelesmith80@gmail.com,001jX000000CdjzQAC,RY-CONT-00117380,2026-09-09T11:01:28.000+0000
003jX0000008OutQAE,https://business-data-62022.lightning.force.com/lightning/r/Contact/003jX0000008OutQAE/view,Ashwin,Radebe,ashwin.radebe63@outlook.com,,RY-CONT-00117453,2026-09-09T12:33:09.000+0000
003jX0000008LLtQAM,https://business-data-62022.lightning.force.com/lightning/r/Contact/003jX0000008LLtQAM/view,Megan,Van der Merwe,megan_vandermerwe24@gmail.com,,RY-CONT-00118303,2026-09-09T11:01:13.000+0000
003jX0000008ON4QAM,https://business-data-62022.lightning.force.com/lightning/r/Contact/003jX0000008ON4QAM/view,Refilwe,Moodley,refilwe.moodley142@gmail.com,,RY-CONT-00119031,2026-09-09T12:36:24.000+0000
003jX0000008ON2QAM,https://business-data-62022.lightning.force.com/lightning/r/Contact/003jX0000008ON2QAM/view,Fatima,Mabaso,fatima_mabaso18@gmail.com,001jX000000Ccw0QAC,RY-CONT-00119478,2026-09-09T11:01:43.000+0000
003jX0000008OoNQAU,https://business-data-62022.lightning.force.com/lightning/r/Contact/003jX0000008OoNQAU/view,Tariq,Sithole,tariq.sithole413@gmail.com,001jX000000CZyBQAW,RY-CONT-00120237,2026-09-09T10:59:41.000+0000
003jX0000008MD8QAM,https://business-data-62022.lightning.force.com/lightning/r/Contact/003jX0000008MD8QAM/view,Priya,Venter,priya.venter72@gmail.com,001jX000000CaKhQAK,RY-CONT-00120732,2026-09-09T11:03:34.000+0000
003jX0000008Oq1QAE,https://business-data-62022.lightning.force.com/lightning/r/Contact/003jX0000008Oq1QAE/view,Lerato,mokoena,leratomokoena213@webmail.co.za,,RY-CONT-00121571,2026-09-09T11:02:34.000+0000
003jX0000008QOjQAM,https://business-data-62022.lightning.force.com/lightning/r/Contact/003jX0000008QOjQAM/view,Mpho,Mokoena,mpho.mokoena656@outlook.com,,RY-CONT-00122028,2026-09-09T11:01:31.000+0000
003jX0000008Oy2QAE,https://business-data-62022.lightning.force.com/lightning/r/Contact/003jX0000008Oy2QAE/view,Tshepo,Smith,tshepo.smith187@outlook.com,,RY-CONT-00122308,2026-09-09T11:00:36.000+0000
003jX0000008NHHQA2,https://business-data-62022.lightning.force.com/lightning/r/Contact/003jX0000008NHHQA2/view,Zanele,Mahlangu,zanele.mahlangu631@gmail.com,,RY-CONT-00123989,2026-09-09T12:38:43.000+0000
003jX0000008PhBQAU,https://business-data-62022.lightning.force.com/lightning/r/Contact/003jX0000008PhBQAU/view,Shireen,Govender,shireen.govender930@gmail.com,,RY-CONT-00124211,2026-09-09T10:56:13.000+0000
003jX0000008P7iQAE,https://business-data-62022.lightning.force.com/lightning/r/Contact/003jX0000008P7iQAE/view,Kirsten,Venter,kirstenventer39@outlook.com,001jX000000Ce9lQAC,RY-CONT-00125073,2026-09-09T10:55:43.000+0000
003jX0000008P9NQAU,https://business-data-62022.lightning.force.com/lightning/r/Contact/003jX0000008P9NQAU/view,Ilse,Sithole,ilse.sithole83@outlook.com,,RY-CONT-00125210,2026-09-09T11:02:08.000+0000
003jX0000008PxJQAU,https://business-data-62022.lightning.force.com/lightning/r/Contact/003jX0000008PxJQAU/view,NOKUTHULA,Isaacs,nokuthula.isaacs233@gmail.com,001jX000000CdQfQAK,RY-CONT-00126012,2026-09-09T10:57:59.000+0000
003jX0000008MEhQAM,https://business-data-62022.lightning.force.com/lightning/r/Contact/003jX0000008MEhQAM/view,Kyle,Van Wyk,kyle.vanwyk72@gmail.com,,RY-CONT-00127481,2026-09-09T11:03:32.000+0000
003jX0000008Ol9QAE,https://business-data-62022.lightning.force.com/lightning/r/Contact/003jX0000008Ol9QAE/view,Chantelle,Nyathi,chantelle.nyathi92@gmail.com,,RY-CONT-00127601,2026-09-09T10:56:39.000+0000
003jX0000008Oi4QAE,https://business-data-62022.lightning.force.com/lightning/r/Contact/003jX0000008Oi4QAE/view,Pieter,Daniels,pieterdaniels56@mweb.co.za,,RY-CONT-00128301,2026-09-09T12:38:15.000+0000
003jX0000008QYTQA2,https://business-data-62022.lightning.force.com/lightning/r/Contact/003jX0000008QYTQA2/view,sipho,Botha,sipho.botha355@outlook.com,,RY-CONT-00129678,2026-09-09T12:36:26.000+0000
003jX0000008PCdQAM,https://business-data-62022.lightning.force.com/lightning/r/Contact/003jX0000008PCdQAM/view,Sipho,Radebe,sipho.radebe322@gmail.com,,RY-CONT-00130319,2026-09-09T11:02:54.000+0000
003jX0000008MwFQAU,https://business-data-62022.lightning.force.com/lightning/r/Contact/003jX0000008MwFQAU/view,Zaid,Ndlovu,zaid.ndlovu121@hotmail.com,,RY-CONT-00130417,2026-09-09T12:31:34.000+0000
003jX0000008PXZQA2,https://business-data-62022.lightning.force.com/lightning/r/Contact/003jX0000008PXZQA2/view,Lerato,Venter,lerato.venter174@gmail.com,,RY-CONT-00130799,2026-09-09T11:02:48.000+0000
003jX0000008QN7QAM,https://business-data-62022.lightning.force.com/lightning/r/Contact/003jX0000008QN7QAM/view,Elmarie,Reddy,elmarie_reddy5@gmail.com,001jX000000CbWvQAK,RY-CONT-00131702,2026-09-09T11:01:05.000+0000
003jX0000008PakQAE,https://business-data-62022.lightning.force.com/lightning/r/Contact/003jX0000008PakQAE/view,Mandla,Coetzee,mandla.coetzee626@gmail.co.za,,RY-CONT-00132283,2026-09-09T10:58:28.000+0000
003jX0000008PZ8QAM,https://business-data-62022.lightning.force.com/lightning/r/Contact/003jX0000008PZ8QAM/view,Elmarie,Jansen,elmarie.jansen55@gmail.com,,RY-CONT-00133035,2026-09-09T10:59:12.000+0000
003jX0000008R35QAE,https://business-data-62022.lightning.force.com/lightning/r/Contact/003jX0000008R35QAE/view,Tshepo,Jacobs,tshepo.jacobs188@outlook.com,,RY-CONT-00133241,2026-09-09T12:30:02.000+0000
003jX0000008P1GQAU,https://business-data-62022.lightning.force.com/lightning/r/Contact/003jX0000008P1GQAU/view,Thabo,Hendricks,thabo.hendricks275@outlook.com,,RY-CONT-00133345,2026-09-09T10:56:44.000+0000
003jX0000008MMoQAM,https://business-data-62022.lightning.force.com/lightning/r/Contact/003jX0000008MMoQAM/view,Palesa,Sithole,palesa_sithole48@vodamail.co.za,,RY-CONT-00133642,2026-09-09T10:57:49.000+0000
003jX0000008RJEQA2,https://business-data-62022.lightning.force.com/lightning/r/Contact/003jX0000008RJEQA2/view,Naledi,Mokoena,naledi_mokoena52@hotmail.com,001jX000000CYlvQAG,RY-CONT-00133650,2026-09-09T12:38:24.000+0000
003jX0000008NkFQAU,https://business-data-62022.lightning.force.com/lightning/r/Contact/003jX0000008NkFQAU/view,Thabo,Moodley,thabo.moodley59@outlook.com,,RY-CONT-00133858,2026-09-09T11:03:16.000+0000
003jX0000008Ol8QAE,https://business-data-62022.lightning.force.com/lightning/r/Contact/003jX0000008Ol8QAE/view,Jessica,Nkosi,jessica.nkosi213@gmail.com,,RY-CONT-00134019,2026-09-09T10:54:21.000+0000
003jX0000008QN8QAM,https://business-data-62022.lightning.force.com/lightning/r/Contact/003jX0000008QN8QAM/view,Zanele,Nkosi,zanele.nkosi507@mweb.co.za,001jX000000CdX4QAK,RY-CONT-00135102,2026-09-09T12:33:07.000+0000
003jX0000008QOlQAM,https://business-data-62022.lightning.force.com/lightning/r/Contact/003jX0000008QOlQAM/view,Michael,Williams,michael.williams149@hotmail.com,,RY-CONT-00135736,2026-09-09T11:02:32.000+0000
003jX0000008RMRQA2,https://business-data-62022.lightning.force.com/lightning/r/Contact/003jX0000008RMRQA2/view,Riaan,NDLOVU,riaan_ndlovu26@gmail.com,,RY-CONT-00135843,2026-09-09T12:33:37.000+0000
003jX0000008NNhQAM,https://business-data-62022.lightning.force.com/lightning/r/Contact/003jX0000008NNhQAM/view,Yusuf,Adams,yusuf_adams9351@gmail.com,001jX000000CZN2QAO,RY-CONT-00136354,2026-09-09T12:36:51.000+0000
003jX0000008Oy3QAE,https://business-data-62022.lightning.force.com/lightning/r/Contact/003jX0000008Oy3QAE/view,Zanele,Ndlovu,,,RY-CONT-00136823,2026-09-09T11:00:38.000+0000
003jX0000008NKQQA2,https://business-data-62022.lightning.force.com/lightning/r/Contact/003jX0000008NKQQA2/view,Marlize,Petersen,marlize.petersen61@hotmail.com,001jX000000Cae2QAC,RY-CONT-00136851,2026-09-09T11:00:51.000+0000
003jX0000008PVxQAM,https://business-data-62022.lightning.force.com/lightning/r/Contact/003jX0000008PVxQAM/view,Sipho,Jacobs,siphojacobs116@gmail.com,,RY-CONT-00136916,2026-09-09T12:33:17.000+0000
003jX0000008LyaQAE,https://business-data-62022.lightning.force.com/lightning/r/Contact/003jX0000008LyaQAE/view,Palesa,Reddy,palesa.reddy200@outlook.com,,RY-CONT-00137643,2026-09-09T11:00:31.000+0000
003jX0000008PdxQAE,https://business-data-62022.lightning.force.com/lightning/r/Contact/003jX0000008PdxQAE/view,zanele,Mthembu,zanele.mthembu360@gmail.com,,RY-CONT-00138762,2026-09-09T10:55:32.000+0000
003jX0000008OQAQA2,https://business-data-62022.lightning.force.com/lightning/r/Contact/003jX0000008OQAQA2/view,David,Ndlovu,david.ndlovu666@outlook.com,,RY-CONT-00139681,2026-09-09T10:57:07.000+0000
003jX0000008MhmQAE,https://business-data-62022.lightning.force.com/lightning/r/Contact/003jX0000008MhmQAE/view,Johan,Reddy,johan_reddy24@gmail.com,,RY-CONT-00139793,2026-09-09T11:02:07.000+0000
003jX0000008PPVQA2,https://business-data-62022.lightning.force.com/lightning/r/Contact/003jX0000008PPVQA2/view,Thabo,Abrahams,thaboabrahams142@gmail.com,001jX000000CcG3QAK,RY-CONT-00140728,2026-09-09T12:33:58.000+0000
003jX0000008Mg8QAE,https://business-data-62022.lightning.force.com/lightning/r/Contact/003jX0000008Mg8QAE/view,Bongani,Maseko,bonganimaseko149@gmail.com,,RY-CONT-00141277,2026-09-09T10:57:20.000+0000
003jX0000008PR4QAM,https://business-data-62022.lightning.force.com/lightning/r/Contact/003jX0000008PR4QAM/view,SARAH,Dlamini,sarah.dlamini275@hotmail.com,001jX000000CaKhQAK,RY-CONT-00141934,2026-09-09T10:59:09.000+0000
003jX0000008PHOQA2,https://business-data-62022.lightning.force.com/lightning/r/Contact/003jX0000008PHOQA2/view,Ryan,Abrahams,ryan_abrahams11@gmail.com,001jX000000Cd2SQAS,RY-CONT-00142098,2026-09-09T11:01:01.000+0000
003jX0000008PxKQAU,https://business-data-62022.lightning.force.com/lightning/r/Contact/003jX0000008PxKQAU/view,Willem,Radebe,willem.radebe603@gmail.com,001jX000000Cc6PQAS,RY-CONT-00142703,2026-09-09T11:00:29.000+0000
003jX0000008PECQA2,https://business-data-62022.lightning.force.com/lightning/r/Contact/003jX0000008PECQA2/view,Mandla,Ndlovu,mandlandlovu196@gmail.com,,RY-CONT-00143741,2026-09-09T11:01:45.000+0000
003jX0000008PKeQAM,https://business-data-62022.lightning.force.com/lightning/r/Contact/003jX0000008PKeQAM/view,Willem,Mthembu,willemmthembu934@gmail.com,,RY-CONT-00143832,2026-09-09T10:57:15.000+0000
003jX0000008OoOQAU,https://business-data-62022.lightning.force.com/lightning/r/Contact/003jX0000008OoOQAU/view,TSHEPO,Williams,tshepo.williams202@gmail.co.za,,RY-CONT-00144155,2026-09-09T10:59:43.000+0000
003jX0000008OjWQAU,https://business-data-62022.lightning.force.com/lightning/r/Contact/003jX0000008OjWQAU/view,Thabo,Sithole,thabo_sithole77@gmail.com,,RY-CONT-00144515,2026-09-09T10:58:39.000+0000
003jX0000008NYzQAM,https://business-data-62022.lightning.force.com/lightning/r/Contact/003jX0000008NYzQAM/view,Zaid,Moodley,zaid.moodley62@outlook.com,,RY-CONT-00147504,2026-09-09T11:01:41.000+0000
003jX0000008N7bQAE,https://business-data-62022.lightning.force.com/lightning/r/Contact/003jX0000008N7bQAE/view,Katlego,Nkosi,katlego.nkosi580@gmail.com,,RY-CONT-00148308,2026-09-09T12:36:11.000+0000
003jX0000008Oq0QAE,https://business-data-62022.lightning.force.com/lightning/r/Contact/003jX0000008Oq0QAE/view,Riaan,Khumalo,riaan.khumalo192@icloud.com,,RY-CONT-00148554,2026-09-09T11:01:35.000+0000
003jX0000008MZgQAM,https://business-data-62022.lightning.force.com/lightning/r/Contact/003jX0000008MZgQAM/view,sibusiso,Dlamini,sibusiso.dlamini626@vodamail.co.za,,RY-CONT-00150223,2026-09-09T10:59:02.000+0000
003jX0000008PyvQAE,https://business-data-62022.lightning.force.com/lightning/r/Contact/003jX0000008PyvQAE/view,Bongani,Dlamini,bonganidlamini243@yahoo.com,,RY-CONT-00150836,2026-09-09T10:58:02.000+0000
003jX0000008MMuQAM,https://business-data-62022.lightning.force.com/lightning/r/Contact/003jX0000008MMuQAM/view,David,Pretorius,david.pretorius338@mweb.co.za,,RY-CONT-00151063,2026-09-09T12:33:00.000+0000
003jX0000008O1zQAE,https://business-data-62022.lightning.force.com/lightning/r/Contact/003jX0000008O1zQAE/view,Tshepo,Steyn,tshepo_steyn42@icloud.com,001jX000000CcG3QAK,RY-CONT-00151370,2026-09-09T10:58:26.000+0000
003jX0000008QOqQAM,https://business-data-62022.lightning.force.com/lightning/r/Contact/003jX0000008QOqQAM/view,Bongani,Pillay,bongani.pillay325@gmail.com,001jX000000CdfDQAS,RY-CONT-00151679,2026-09-09T12:37:56.000+0000
003jX0000008Pu7QAE,https://business-data-62022.lightning.force.com/lightning/r/Contact/003jX0000008Pu7QAE/view,Bongani,DLAMINI,bongani.dlamini546@gmail.com,001jX000000Ccw0QAC,RY-CONT-00151957,2026-09-09T10:59:31.000+0000
003jX0000008PinQAE,https://business-data-62022.lightning.force.com/lightning/r/Contact/003jX0000008PinQAE/view,Priya,Moodley,priya.moodley88@outlook.com,,RY-CONT-00152347,2026-09-09T10:56:20.000+0000
003jX0000008Q8bQAE,https://business-data-62022.lightning.force.com/lightning/r/Contact/003jX0000008Q8bQAE/view,Pieter,Nyathi,,001jX000000CbWvQAK,RY-CONT-00153682,2026-09-09T10:58:53.000+0000
003jX0000008PJ0QAM,https://business-data-62022.lightning.force.com/lightning/r/Contact/003jX0000008PJ0QAM/view,Nkosinathi,Mabaso,nkosinathi.mabaso611@hotmail.com,,RY-CONT-00154264,2026-09-09T11:01:36.000+0000
003jX0000008PIzQAM,https://business-data-62022.lightning.force.com/lightning/r/Contact/003jX0000008PIzQAM/view,Fatima,Abrahams,fatima.abrahams586@gmail.com,,RY-CONT-00154342,2026-09-09T10:54:17.000+0000
003jX0000008NdmQAE,https://business-data-62022.lightning.force.com/lightning/r/Contact/003jX0000008NdmQAE/view,Themba,Van Wyk,themba.vanwyk933@telkomsa.net,,RY-CONT-00154491,2026-09-09T10:56:16.000+0000
003jX0000008PCbQAM,https://business-data-62022.lightning.force.com/lightning/r/Contact/003jX0000008PCbQAM/view,Thabo,Botha,thabo.botha717@outlook.com,001jX000000CbDbQAK,RY-CONT-00154578,2026-09-09T10:55:19.000+0000
003jX0000008QF4QAM,https://business-data-62022.lightning.force.com/lightning/r/Contact/003jX0000008QF4QAM/view,Chad,Maseko,chadmaseko32@hotmail.com,001jX000000CYqyQAG,RY-CONT-00155025,2026-09-09T11:01:38.000+0000
003jX0000008MMtQAM,https://business-data-62022.lightning.force.com/lightning/r/Contact/003jX0000008MMtQAM/view,Rajesh,Naidoo,rajeshnaidoo39@gmail.com,001jX000000CdfDQAS,RY-CONT-00155180,2026-09-09T12:31:05.000+0000
003jX0000008RJCQA2,https://business-data-62022.lightning.force.com/lightning/r/Contact/003jX0000008RJCQA2/view,James,Van der Merwe,james.vandermerwe40@gmail.com,,RY-CONT-00156043,2026-09-09T12:36:21.000+0000
003jX0000008MeUQAU,https://business-data-62022.lightning.force.com/lightning/r/Contact/003jX0000008MeUQAU/view,Anmarie,Coetzee,anmarie.coetzee240@gmail.com,001jX000000CYlvQAG,RY-CONT-00156231,2026-09-09T11:00:34.000+0000
003jX0000008LNTQA2,https://business-data-62022.lightning.force.com/lightning/r/Contact/003jX0000008LNTQA2/view,Katlego,Mabaso,katlegomabaso86@gmail.com,,RY-CONT-00156907,2026-09-09T10:58:24.000+0000
003jX0000008OoMQAU,https://business-data-62022.lightning.force.com/lightning/r/Contact/003jX0000008OoMQAU/view,Mpho,Nyathi,mpho.nyathi255@gmail.com,,RY-CONT-00157123,2026-09-09T10:59:27.000+0000
003jX0000008LvMQAU,https://business-data-62022.lightning.force.com/lightning/r/Contact/003jX0000008LvMQAU/view,Jessica,Mokoena,jessicamokoena109@gmail.com,,RY-CONT-00157202,2026-09-09T10:59:17.000+0000
003jX0000008MTFQA2,https://business-data-62022.lightning.force.com/lightning/r/Contact/003jX0000008MTFQA2/view,Anmarie,Reddy,anmarie.reddy99@vodamail.co.za,,RY-CONT-00158525,2026-09-09T10:59:18.000+0000
003jX0000008MucQAE,https://business-data-62022.lightning.force.com/lightning/r/Contact/003jX0000008MucQAE/view,Tshepo,ndlovu,tshepo.ndlovu446@outlook.com,,RY-CONT-00158770,2026-09-09T10:55:59.000+0000
003jX0000008O5CQAU,https://business-data-62022.lightning.force.com/lightning/r/Contact/003jX0000008O5CQAU/view,Nokuthula,Dlamini,nokuthuladlamini605@icloud.com,,RY-CONT-00158912,2026-09-09T11:02:03.000+0000
003jX0000008Mg7QAE,https://business-data-62022.lightning.force.com/lightning/r/Contact/003jX0000008Mg7QAE/view,Nomsa,Venter,nomsa.venter266@live.co.za,,RY-CONT-00159874,2026-09-09T10:55:07.000+0000
003jX0000008PFmQAM,https://business-data-62022.lightning.force.com/lightning/r/Contact/003jX0000008PFmQAM/view,Lindiwe,Dlamini,lindiwe.dlamini348@vodamail.co.za,,RY-CONT-00160098,2026-09-09T11:00:22.000+0000
003jX0000008OtDQAU,https://business-data-62022.lightning.force.com/lightning/r/Contact/003jX0000008OtDQAU/view,Chantelle,Molefe,chantellemolefe85@vodamail.co.za,,RY-CONT-00160523,2026-09-09T10:58:42.000+0000
003jX0000008PneQAE,https://business-data-62022.lightning.force.com/lightning/r/Contact/003jX0000008PneQAE/view,Lerato,Sibiya,leratosibiya417@yahoo.com,,RY-CONT-00160954,2026-09-09T10:58:18.000+0000
003jX0000008OupQAE,https://business-data-62022.lightning.force.com/lightning/r/Contact/003jX0000008OupQAE/view,Marlize,Nortje,marlize.nortje63@icloud.com,001jX000000CdQfQAK,RY-CONT-00160995,2026-09-09T10:55:30.000+0000
003jX0000008QBpQAM,https://business-data-62022.lightning.force.com/lightning/r/Contact/003jX0000008QBpQAM/view,Ayanda,Jansen,,,RY-CONT-00161726,2026-09-09T10:59:22.000+0000
003jX0000008N7ZQAU,https://business-data-62022.lightning.force.com/lightning/r/Contact/003jX0000008N7ZQAU/view,Zodwa,Jacobs,zodwa_jacobs951@gmail.com,001jX000000CdjzQAC,RY-CONT-00161847,2026-09-09T12:34:44.000+0000
003jX0000008PqrQAE,https://business-data-62022.lightning.force.com/lightning/r/Contact/003jX0000008PqrQAE/view,Jessica,Nkosi,jessicankosi650@gmail.com,001jX000000CZyBQAW,RY-CONT-00162202,2026-09-09T10:57:23.000+0000
003jX0000008N5uQAE,https://business-data-62022.lightning.force.com/lightning/r/Contact/003jX0000008N5uQAE/view,Johan,Damons,johan.damons135@outlook.com,001jX000000Ccw0QAC,RY-CONT-00162321,2026-09-09T10:54:45.000+0000
003jX0000008NsLQAU,https://business-data-62022.lightning.force.com/lightning/r/Contact/003jX0000008NsLQAU/view,Ayanda,Mthembu,ayanda_mthembu62@gmail.com,001jX000000CZN2QAO,RY-CONT-00162700,2026-09-09T11:03:28.000+0000
003jX0000008MrUQAU,https://business-data-62022.lightning.force.com/lightning/r/Contact/003jX0000008MrUQAU/view,Michael,Govender,michael.govender9811@hotmail.com,,RY-CONT-00162853,2026-09-09T11:02:28.000+0000
003jX0000008MTEQA2,https://business-data-62022.lightning.force.com/lightning/r/Contact/003jX0000008MTEQA2/view,LWAZI,Dlamini,lwazi.dlamini333@icloud.com,,RY-CONT-00163057,2026-09-09T10:58:54.000+0000
003jX0000008PHQQA2,https://business-data-62022.lightning.force.com/lightning/r/Contact/003jX0000008PHQQA2/view,Tariq,Dlamini,tariq.dlamini150@gmail.com,001jX000000CdQfQAK,RY-CONT-00165562,2026-09-09T11:02:25.000+0000
003jX0000008OurQAE,https://business-data-62022.lightning.force.com/lightning/r/Contact/003jX0000008OurQAE/view,Thandiwe,Mahlangu,thandiwe.mahlangu601@gmail.com,,RY-CONT-00165658,2026-09-09T10:56:03.000+0000
003jX0000008Qa4QAE,https://business-data-62022.lightning.force.com/lightning/r/Contact/003jX0000008Qa4QAE/view,Naledi,Jansen,naledi.jansen611@telkomsa.net,,RY-CONT-00166134,2026-09-09T12:28:01.000+0000
003jX0000008OGVQA2,https://business-data-62022.lightning.force.com/lightning/r/Contact/003jX0000008OGVQA2/view,Megan,Van der Merwe,megan.vandermerwe155@gmail.com,,RY-CONT-00167002,2026-09-09T10:58:01.000+0000
003jX0000008McxQAE,https://business-data-62022.lightning.force.com/lightning/r/Contact/003jX0000008McxQAE/view,Kagiso,september,kagiso.september163@gmail.com,001jX000000CaEIQA0,RY-CONT-00167071,2026-09-09T10:56:18.000+0000
003jX0000008OpzQAE,https://business-data-62022.lightning.force.com/lightning/r/Contact/003jX0000008OpzQAE/view,Yusuf,Jansen,yusuf_jansen22@gmail.com,,RY-CONT-00167485,2026-09-09T10:56:26.000+0000
003jX0000008Q3oQAE,https://business-data-62022.lightning.force.com/lightning/r/Contact/003jX0000008Q3oQAE/view,Bongani,Molefe,bongani.molefe403@gmail.com,,RY-CONT-00167548,2026-09-09T11:03:06.000+0000
003jX0000008PXXQA2,https://business-data-62022.lightning.force.com/lightning/r/Contact/003jX0000008PXXQA2/view,Riaan,Smith,riaan.smith707@icloud.com,,RY-CONT-00168311,2026-09-09T10:55:33.000+0000
003jX0000008QaBQAU,https://business-data-62022.lightning.force.com/lightning/r/Contact/003jX0000008QaBQAU/view,Thabo,Molefe,thabomolefe248@outlook.com,,RY-CONT-00168770,2026-09-09T12:39:17.000+0000
003jX0000008LyZQAU,https://business-data-62022.lightning.force.com/lightning/r/Contact/003jX0000008LyZQAU/view,Thabo,Mahlangu,thabo.mahlangu514@gmail.com,,RY-CONT-00169132,2026-09-09T11:00:27.000+0000
003jX0000008MTHQA2,https://business-data-62022.lightning.force.com/lightning/r/Contact/003jX0000008MTHQA2/view,Willem,Van der Merwe,willem.vandermerwe164@mweb.co.za,,RY-CONT-00169282,2026-09-09T12:27:17.000+0000
003jX0000008Q29QAE,https://business-data-62022.lightning.force.com/lightning/r/Contact/003jX0000008Q29QAE/view,Thandiwe,Nel,thandiwe.nel4911@live.co.za,,RY-CONT-00169483,2026-09-09T10:58:06.000+0000
003jX0000008QGfQAM,https://business-data-62022.lightning.force.com/lightning/r/Contact/003jX0000008QGfQAM/view,Lerato,Williams,lerato_williams57@gmail.com,,RY-CONT-00170117,2026-09-09T11:00:17.000+0000
003jX0000008RhNQAU,https://business-data-62022.lightning.force.com/lightning/r/Contact/003jX0000008RhNQAU/view,Roche,Smith,roche.smith64@mweb.co.za,,RY-CONT-00171765,2026-09-09T12:36:31.000+0000
003jX0000008PndQAE,https://business-data-62022.lightning.force.com/lightning/r/Contact/003jX0000008PndQAE/view,Yusuf,Petersen,yusuf.petersen127@outlook.com,,RY-CONT-00171960,2026-09-09T10:57:13.000+0000
003jX0000008NaZQAU,https://business-data-62022.lightning.force.com/lightning/r/Contact/003jX0000008NaZQAU/view,Pieter,Molefe,pieter.molefe246@telkomsa.net,,RY-CONT-00172159,2026-09-09T10:54:23.000+0000
003jX0000008PJ5QAM,https://business-data-62022.lightning.force.com/lightning/r/Contact/003jX0000008PJ5QAM/view,Themba,Mokoena,themba.mokoena375@outlook.com,,RY-CONT-00172281,2026-09-09T12:33:12.000+0000
003jX0000008NKSQA2,https://business-data-62022.lightning.force.com/lightning/r/Contact/003jX0000008NKSQA2/view,Michael,Dlamini,michaeldlamini183@gmail.com,,RY-CONT-00172523,2026-09-09T11:02:12.000+0000
003jX0000008PZ7QAM,https://business-data-62022.lightning.force.com/lightning/r/Contact/003jX0000008PZ7QAM/view,Daniel,September,daniel.september123@outlook.com,,RY-CONT-00172955,2026-09-09T10:55:16.000+0000
003jX0000008Q8dQAE,https://business-data-62022.lightning.force.com/lightning/r/Contact/003jX0000008Q8dQAE/view,Ryan,Dlamini,ryan.dlamini272@gmail.com,,RY-CONT-00173552,2026-09-09T11:03:19.000+0000
003jX0000008MEgQAM,https://business-data-62022.lightning.force.com/lightning/r/Contact/003jX0000008MEgQAM/view,Andile,Venter,andile.venter3391@yahoo.com,,RY-CONT-00174171,2026-09-09T10:59:55.000+0000
003jX0000008QVBQA2,https://business-data-62022.lightning.force.com/lightning/r/Contact/003jX0000008QVBQA2/view,Lwazi,Zulu,lwazi.zulu228@gmail.com,,RY-CONT-00176417,2026-09-09T11:02:42.000+0000
003jX0000008OjZQAU,https://business-data-62022.lightning.force.com/lightning/r/Contact/003jX0000008OjZQAU/view,Palesa,Venter,palesaventer102@webmail.co.za,001jX000000CdQfQAK,RY-CONT-00176538,2026-09-09T11:00:13.000+0000
003jX0000008NHGQA2,https://business-data-62022.lightning.force.com/lightning/r/Contact/003jX0000008NHGQA2/view,Daniel,Moodley,daniel.moodley145@gmail.com,,RY-CONT-00178993,2026-09-09T12:38:42.000+0000
003jX0000008Q0XQAU,https://business-data-62022.lightning.force.com/lightning/r/Contact/003jX0000008Q0XQAU/view,Chantelle,Van Wyk,chantelle.vanwyk292@gmail.com,001jX000000CdQgQAK,RY-CONT-00179082,2026-09-09T10:58:04.000+0000
003jX0000008Mt2QAE,https://business-data-62022.lightning.force.com/lightning/r/Contact/003jX0000008Mt2QAE/view,Sipho,Nkosi,sipho.nkosi683@icloud.com,001jX000000CdfDQAS,RY-CONT-00180849,2026-09-09T10:57:54.000+0000
003jX0000008QTZQA2,https://business-data-62022.lightning.force.com/lightning/r/Contact/003jX0000008QTZQA2/view,Andile,Nkosi,andile.nkosi462@live.co.za,001jX000000CbrtQAC,RY-CONT-00181346,2026-09-09T11:01:59.000+0000
003jX0000008QAEQA2,https://business-data-62022.lightning.force.com/lightning/r/Contact/003jX0000008QAEQA2/view,Thandiwe,Khumalo,thandiwe.khumalo987@outlook.com,001jX000000CdDlQAK,RY-CONT-00181480,2026-09-09T10:58:58.000+0000
003jX0000008OQCQA2,https://business-data-62022.lightning.force.com/lightning/r/Contact/003jX0000008OQCQA2/view,Michael,Van der Merwe,michael.vandermerwe279@mweb.co.za,,RY-CONT-00182351,2026-09-09T11:02:01.000+0000
003jX0000008M1nQAE,https://business-data-62022.lightning.force.com/lightning/r/Contact/003jX0000008M1nQAE/view,Michael,Mabaso,michael.mabaso185@webmail.co.za,,RY-CONT-00182520,2026-09-09T10:55:13.000+0000
003jX0000008Nh3QAE,https://business-data-62022.lightning.force.com/lightning/r/Contact/003jX0000008Nh3QAE/view,Aisha,Isaacs,aisha.isaacs79@outlook.com,001jX000000CZN2QAO,RY-CONT-00182536,2026-09-09T10:59:04.000+0000
003jX0000008PZAQA2,https://business-data-62022.lightning.force.com/lightning/r/Contact/003jX0000008PZAQA2/view,Nokuthula,Sithole,nokuthula.sithole417@gmail.com,,RY-CONT-00183133,2026-09-09T12:29:14.000+0000
003jX0000008PVtQAM,https://business-data-62022.lightning.force.com/lightning/r/Contact/003jX0000008PVtQAM/view,Bongani,Naidoo,bongani.naidoo428@hotmail.com,001jX000000CdX4QAK,RY-CONT-00184372,2026-09-09T10:55:09.000+0000
003jX0000008Lx2QAE,https://business-data-62022.lightning.force.com/lightning/r/Contact/003jX0000008Lx2QAE/view,Lwazi,Mthembu,lwazi.mthembu269@outlook.com,,RY-CONT-00184949,2026-09-09T12:34:35.000+0000
003jX0000008PnfQAE,https://business-data-62022.lightning.force.com/lightning/r/Contact/003jX0000008PnfQAE/view,Lerato,Hendricks,leratohendricks879@vodamail.co.za,,RY-CONT-00184952,2026-09-09T11:01:09.000+0000
003jX0000008Lk7QAE,https://business-data-62022.lightning.force.com/lightning/r/Contact/003jX0000008Lk7QAE/view,Yusuf,Mokoena,yusufmokoena95@gmail.com,,RY-CONT-00185076,2026-09-09T10:57:25.000+0000
003jX0000008PNpQAM,https://business-data-62022.lightning.force.com/lightning/r/Contact/003jX0000008PNpQAM/view,Johan,Mokoena,johan_mokoena68@gmail.com,,RY-CONT-00185128,2026-09-09T10:54:34.000+0000
003jX0000008QdJQAU,https://business-data-62022.lightning.force.com/lightning/r/Contact/003jX0000008QdJQAU/view,Kagiso,Naidoo,kagiso.naidoo821@icloud.com,,RY-CONT-00185957,2026-09-09T12:37:41.000+0000
003jX0000008LTwQAM,https://business-data-62022.lightning.force.com/lightning/r/Contact/003jX0000008LTwQAM/view,Refilwe,Govender,refilwe.govender260@gmail.com,,RY-CONT-00186113,2026-09-09T10:55:23.000+0000
003jX0000008Q5QQAU,https://business-data-62022.lightning.force.com/lightning/r/Contact/003jX0000008Q5QQAU/view,Anmarie,Zulu,anmariezulu436@gmail.com,,RY-CONT-00187008,2026-09-09T11:03:30.000+0000
003jX0000008Nx9QAE,https://business-data-62022.lightning.force.com/lightning/r/Contact/003jX0000008Nx9QAE/view,Jessica,September,jessica.september386@mweb.co.za,,RY-CONT-00187757,2026-09-09T10:57:19.000+0000
003jX0000008QAIQA2,https://business-data-62022.lightning.force.com/lightning/r/Contact/003jX0000008QAIQA2/view,Naledi,Steyn,naledisteyn112@gmail.com,,RY-CONT-00188064,2026-09-09T12:27:59.000+0000
003jX0000008OmlQAE,https://business-data-62022.lightning.force.com/lightning/r/Contact/003jX0000008OmlQAE/view,Emma,Adams,emma.adams175@mweb.co.za,,RY-CONT-00188767,2026-09-09T10:56:53.000+0000
003jX0000008NkEQAU,https://business-data-62022.lightning.force.com/lightning/r/Contact/003jX0000008NkEQAU/view,Palesa,Mokoena,palesa.mokoena481@gmail.com,001jX000000Cc1dQAC,RY-CONT-00189440,2026-09-09T11:02:10.000+0000
003jX0000008QDSQA2,https://business-data-62022.lightning.force.com/lightning/r/Contact/003jX0000008QDSQA2/view,James,Nkosi,james.nkosi326@mweb.co.za,,RY-CONT-00190437,2026-09-09T11:02:24.000+0000
003jX0000008M3QQAU,https://business-data-62022.lightning.force.com/lightning/r/Contact/003jX0000008M3QQAU/view,Mandla,Jacobs,mandlajacobs129@hotmail.com,,RY-CONT-00190690,2026-09-09T10:58:29.000+0000
003jX0000008Od4QAE,https://business-data-62022.lightning.force.com/lightning/r/Contact/003jX0000008Od4QAE/view,Sibusiso,Nortje,sibusiso.nortje138@gmail.com,,RY-CONT-00190695,2026-09-09T10:59:23.000+0000
003jX0000008LLrQAM,https://business-data-62022.lightning.force.com/lightning/r/Contact/003jX0000008LLrQAM/view,Lwazi,Zulu,lwazi.zulu254@gmail.com,001jX000000CaKhQAK,RY-CONT-00192832,2026-09-09T10:56:49.000+0000
003jX0000008PcLQAU,https://business-data-62022.lightning.force.com/lightning/r/Contact/003jX0000008PcLQAU/view,Refilwe,Abrahams,refilwe.abrahams273@gmail.com,001jX000000CdfDQAS,RY-CONT-00193228,2026-09-09T10:55:25.000+0000
003jX0000008OI6QAM,https://business-data-62022.lightning.force.com/lightning/r/Contact/003jX0000008OI6QAM/view,Andile,Damons,andile_damons19@hotmail.com,001jX000000CdjzQAC,RY-CONT-00193960,2026-09-09T10:56:55.000+0000
003jX0000008Qa1QAE,https://business-data-62022.lightning.force.com/lightning/r/Contact/003jX0000008Qa1QAE/view,Zodwa,Hendricks,zodwahendricks77@gmail.com,001jX000000CaEIQA0,RY-CONT-00194464,2026-09-09T11:03:08.000+0000
003jX0000008M6cQAE,https://business-data-62022.lightning.force.com/lightning/r/Contact/003jX0000008M6cQAE/view,PALESA,Mokoena,palesa.mokoena332@gmail.com,001jX000000CYqyQAG,RY-CONT-00194901,2026-09-09T10:59:25.000+0000
003jX0000008NxBQAU,https://business-data-62022.lightning.force.com/lightning/r/Contact/003jX0000008NxBQAU/view,Lwazi,Pillay,lwazi.pillay224@gmail.com,001jX000000CbDbQAK,RY-CONT-00195795,2026-09-09T11:00:03.000+0000
003jX0000008NHDQA2,https://business-data-62022.lightning.force.com/lightning/r/Contact/003jX0000008NHDQA2/view,Tshepo,Van Wyk,tshepo.vanwyk342@gmail.com,001jX000000Ca9WQAS,RY-CONT-00196019,2026-09-09T12:28:08.000+0000
003jX0000008PVuQAM,https://business-data-62022.lightning.force.com/lightning/r/Contact/003jX0000008PVuQAM/view,Mpho,Van der Merwe,mpho.vandermerwe83@gmail.com,,RY-CONT-00196021,2026-09-09T11:00:25.000+0000
003jX0000008PNqQAM,https://business-data-62022.lightning.force.com/lightning/r/Contact/003jX0000008PNqQAM/view,Chantelle,daniels,chantelle.daniels134@icloud.com,,RY-CONT-00196544,2026-09-09T10:57:38.000+0000
003jX0000008O5DQAU,https://business-data-62022.lightning.force.com/lightning/r/Contact/003jX0000008O5DQAU/view,Nomsa,Fourie,nomsa.fourie2141@outlook.com,,RY-CONT-00196567,2026-09-09T11:03:42.000+0000
003jX0000008NKRQA2,https://business-data-62022.lightning.force.com/lightning/r/Contact/003jX0000008NKRQA2/view,Naledi,Molefe,naledi.molefe335@outlook.com,,RY-CONT-00197048,2026-09-09T11:00:53.000+0000
003jX0000008MZfQAM,https://business-data-62022.lightning.force.com/lightning/r/Contact/003jX0000008MZfQAM/view,Lerato,Isaacs,lerato.isaacs364@gmail.com,001jX000000Cae2QAC,RY-CONT-00197451,2026-09-09T10:56:12.000+0000
003jX0000008Qa6QAE,https://business-data-62022.lightning.force.com/lightning/r/Contact/003jX0000008Qa6QAE/view,Roche,Van Wyk,roche.vanwyk99@gmail.com,,RY-CONT-00198316,2026-09-09T12:34:46.000+0000
003jX0000008NqhQAE,https://business-data-62022.lightning.force.com/lightning/r/Contact/003jX0000008NqhQAE/view,Thandiwe,Khumalo,,,RY-CONT-00199389,2026-09-09T11:01:51.000+0000
003jX0000008MMsQAM,https://business-data-62022.lightning.force.com/lightning/r/Contact/003jX0000008MMsQAM/view,David,Mthembu,davidmthembu106@gmail.com,001jX000000Cc6PQAS,RY-CONT-00199615,2026-09-09T11:02:40.000+0000
003jX0000008PCeQAM,https://business-data-62022.lightning.force.com/lightning/r/Contact/003jX0000008PCeQAM/view,Pieter,Jacobs,pieter.jacobs209@gmail.com,,RY-CONT-00199764,2026-09-09T11:02:55.000+0000
003jX0000008MUpQAM,https://business-data-62022.lightning.force.com/lightning/r/Contact/003jX0000008MUpQAM/view,Kyle,Ndlovu,kyle.ndlovu407@gmail.com,,RY-CONT-00200938,2026-09-09T10:55:52.000+0000
003jX0000008MhkQAE,https://business-data-62022.lightning.force.com/lightning/r/Contact/003jX0000008MhkQAE/view,Busisiwe,Damons,busisiwe.damons156@webmail.co.za,,RY-CONT-00201304,2026-09-09T10:54:28.000+0000
003jX0000008MMpQAM,https://business-data-62022.lightning.force.com/lightning/r/Contact/003jX0000008MMpQAM/view,Naledi,Steyn,naledisteyn571@yahoo.com,,RY-CONT-00201360,2026-09-09T10:57:52.000+0000
003jX0000008Q3mQAE,https://business-data-62022.lightning.force.com/lightning/r/Contact/003jX0000008Q3mQAE/view,Zanele,Jansen,zanelejansen910@gmail.com,,RY-CONT-00201511,2026-09-09T10:59:00.000+0000
003jX0000008OwQQAU,https://business-data-62022.lightning.force.com/lightning/r/Contact/003jX0000008OwQQAU/view,Nomsa,Hendricks,nomsa.hendricks985@gmail.com,,RY-CONT-00202550,2026-09-09T10:54:36.000+0000
003jX0000008QBqQAM,https://business-data-62022.lightning.force.com/lightning/r/Contact/003jX0000008QBqQAM/view,Ayanda,Radebe,ayanda.radebe421@gmail.com,,RY-CONT-00202606,2026-09-09T11:02:37.000+0000
003jX0000008KzKQAU,https://business-data-62022.lightning.force.com/lightning/r/Contact/003jX0000008KzKQAU/view,Nkosinathi,Fortuin,nkosinathi.fortuin157@gmail.com,,RY-CONT-00202646,2026-09-09T10:59:29.000+0000
003jX0000008LNSQA2,https://business-data-62022.lightning.force.com/lightning/r/Contact/003jX0000008LNSQA2/view,Riaan,Govender,riaan.govender154@outlook.com,,RY-CONT-00203097,2026-09-09T10:58:14.000+0000
003jX0000008PCcQAM,https://business-data-62022.lightning.force.com/lightning/r/Contact/003jX0000008PCcQAM/view,Nomsa,Adams,nomsa.adams429@gmail.com,,RY-CONT-00204179,2026-09-09T10:55:45.000+0000
003jX0000008RB7QAM,https://business-data-62022.lightning.force.com/lightning/r/Contact/003jX0000008RB7QAM/view,Zaid,Maseko,zaid.maseko131@gmail.com,,RY-CONT-00205318,2026-09-09T12:26:55.000+0000
003jX0000008Pm3QAE,https://business-data-62022.lightning.force.com/lightning/r/Contact/003jX0000008Pm3QAE/view,Daniel,Nel,daniel_nel892@gmail.com,,RY-CONT-00205605,2026-09-09T11:00:33.000+0000
003jX0000008QOnQAM,https://business-data-62022.lightning.force.com/lightning/r/Contact/003jX0000008QOnQAM/view,zanele,Smith,zanele.smith733@gmail.com,,RY-CONT-00205609,2026-09-09T11:03:38.000+0000
003jX0000008MTDQA2,https://business-data-62022.lightning.force.com/lightning/r/Contact/003jX0000008MTDQA2/view,Nokuthula,Van Wyk,nokuthula.vanwyk701@icloud.com,001jX000000Ce89QAC,RY-CONT-00205758,2026-09-09T10:54:31.000+0000
003jX0000008Oy6QAE,https://business-data-62022.lightning.force.com/lightning/r/Contact/003jX0000008Oy6QAE/view,Themba,Damons,themba.damons303@gmail.com,,RY-CONT-00206036,2026-09-09T12:30:23.000+0000
003jX0000008PioQAE,https://business-data-62022.lightning.force.com/lightning/r/Contact/003jX0000008PioQAE/view,Sarah,Williams,sarah.williams185@gmail.com,,RY-CONT-00206759,2026-09-09T10:56:22.000+0000
003jX0000008Mt1QAE,https://business-data-62022.lightning.force.com/lightning/r/Contact/003jX0000008Mt1QAE/view,Bongani,dlamini,bonganidlamini345@yahoo.com,001jX000000CYqyQAG,RY-CONT-00207051,2026-09-09T10:57:05.000+0000
003jX0000008OQBQA2,https://business-data-62022.lightning.force.com/lightning/r/Contact/003jX0000008OQBQA2/view,Mandla,Mokoena,mandla.mokoena577@gmail.com,,RY-CONT-00207749,2026-09-09T11:01:58.000+0000
003jX0000008NSWQA2,https://business-data-62022.lightning.force.com/lightning/r/Contact/003jX0000008NSWQA2/view,Johan,Ndlovu,johan.ndlovu407@mweb.co.za,,RY-CONT-00209526,2026-09-09T10:56:08.000+0000
003jX0000008REMQA2,https://business-data-62022.lightning.force.com/lightning/r/Contact/003jX0000008REMQA2/view,Kagiso,Dlamini,kagiso.dlamini1@yahoo.com,,RY-CONT-00211022,2026-09-09T12:32:33.000+0000
003jX0000008P6BQAU,https://business-data-62022.lightning.force.com/lightning/r/Contact/003jX0000008P6BQAU/view,Chantelle,Dlamini,chantelledlamini@mweb.co.za,,RY-CONT-00212015,2026-09-09T12:29:22.000+0000
003jX0000008NylQAE,https://business-data-62022.lightning.force.com/lightning/r/Contact/003jX0000008NylQAE/view,Shireen,Dlamini,shireen_dlamini@live.co.za,,RY-CONT-00212972,2026-09-09T12:34:41.000+0000
003jX0000008MY6QAM,https://business-data-62022.lightning.force.com/lightning/r/Contact/003jX0000008MY6QAM/view,Nokuthula,Nel,nokuthula.nel1@icloud.com,,RY-CONT-00214427,2026-09-09T12:28:12.000+0000
003jX0000008Md2QAE,https://business-data-62022.lightning.force.com/lightning/r/Contact/003jX0000008Md2QAE/view,Bongani,Jacobs,bongani.jacobs429@webmail.co.za,001jX000000CZN2QAO,RY-CONT-00218445,2026-09-09T12:39:08.000+0000
003jX0000008PHUQA2,https://business-data-62022.lightning.force.com/lightning/r/Contact/003jX0000008PHUQA2/view,Michael,Pretorius,michael.pretorius1@outlook.com,,RY-CONT-00219195,2026-09-09T12:32:13.000+0000
003jX0000008QevQAE,https://business-data-62022.lightning.force.com/lightning/r/Contact/003jX0000008QevQAE/view,Nomsa,van der merwe,nomsa.vandermerwe5@yahoo.com,,RY-CONT-00226107,2026-09-09T12:36:05.000+0000
003jX0000008Pm4QAE,https://business-data-62022.lightning.force.com/lightning/r/Contact/003jX0000008Pm4QAE/view,Katlego,Nkosi,katlegonkosi1@hotmail.com,,RY-CONT-00226883,2026-09-09T12:32:44.000+0000
003jX0000008N7cQAE,https://business-data-62022.lightning.force.com/lightning/r/Contact/003jX0000008N7cQAE/view,Zodwa,Mokoena,zodwa.mokoena5@gmail.com,,RY-CONT-00229799,2026-09-09T12:38:04.000+0000
003jX0000008LYoQAM,https://business-data-62022.lightning.force.com/lightning/r/Contact/003jX0000008LYoQAM/view,James,Khumalo,james.khumalo4@gmail.com,,RY-CONT-00233405,2026-09-09T12:29:38.000+0000
003jX0000008QFAQA2,https://business-data-62022.lightning.force.com/lightning/r/Contact/003jX0000008QFAQA2/view,Tarryn,Nyathi,tarryn.nyathi1@gmail.com,,RY-CONT-00233531,2026-09-09T12:30:13.000+0000
003jX0000008PUKQA2,https://business-data-62022.lightning.force.com/lightning/r/Contact/003jX0000008PUKQA2/view,Palesa,Nkosi,palesa.nkosi8@gmail.com,001jX000000CbrtQAC,RY-CONT-00234785,2026-09-09T12:30:43.000+0000
003jX0000008N4JQAU,https://business-data-62022.lightning.force.com/lightning/r/Contact/003jX0000008N4JQAU/view,Ayanda,Ndlovu,ayanda.ndlovu5@gmail.com,,RY-CONT-00237848,2026-09-09T12:31:40.000+0000
003jX0000008QbfQAE,https://business-data-62022.lightning.force.com/lightning/r/Contact/003jX0000008QbfQAE/view,Tariq,Pretorius,tariqpretorius@gmail.com,,RY-CONT-00239545,2026-09-09T12:36:04.000+0000
003jX0000008R38QAE,https://business-data-62022.lightning.force.com/lightning/r/Contact/003jX0000008R38QAE/view,Daniel,Dlamini,daniel.dlamini6x1.0@gmail.com,,RY-CONT-00239872,2026-09-09T12:35:35.000+0000
003jX0000008LnIQAU,https://business-data-62022.lightning.force.com/lightning/r/Contact/003jX0000008LnIQAU/view,Jessica,Moodley,jessicamoodley1@gmail.com,,RY-CONT-00241370,2026-09-09T12:36:14.000+0000
003jX0000008P9QQAU,https://business-data-62022.lightning.force.com/lightning/r/Contact/003jX0000008P9QQAU/view,Daniel,Pillay,danielpillay2@gmail.com,,RY-CONT-00243170,2026-09-09T12:32:20.000+0000
003jX0000008MY7QAM,https://business-data-62022.lightning.force.com/lightning/r/Contact/003jX0000008MY7QAM/view,Katlego,Isaacs,katlego.isaacs4@gmail.com,,RY-CONT-00249266,2026-09-09T12:32:58.000+0000
003jX0000008MkzQAE,https://business-data-62022.lightning.force.com/lightning/r/Contact/003jX0000008MkzQAE/view,Themba,Zulu,themba.zulu8@outlook.com,,RY-CONT-00251480,2026-09-09T12:36:55.000+0000
003jX0000008RMQQA2,https://business-data-62022.lightning.force.com/lightning/r/Contact/003jX0000008RMQQA2/view,Palesa,Reddy,palesa_reddy1@gmail.com,,RY-CONT-00251604,2026-09-09T12:32:18.000+0000
003jX0000008PqxQAE,https://business-data-62022.lightning.force.com/lightning/r/Contact/003jX0000008PqxQAE/view,Tshepo,Govender,tshepo.govender446@gmail.com,,RY-CONT-00253392,2026-09-09T12:37:42.000+0000
003jX0000008R7uQAE,https://business-data-62022.lightning.force.com/lightning/r/Contact/003jX0000008R7uQAE/view,sibusiso,Maseko,sibusisomaseko941@gmail.com,,RY-CONT-00256266,2026-09-09T12:27:46.000+0000
003jX0000008Md0QAE,https://business-data-62022.lightning.force.com/lightning/r/Contact/003jX0000008Md0QAE/view,Fatima,Maseko,fatima.maseko9x1.0@gmail.com,,RY-CONT-00257866,2026-09-09T12:36:59.000+0000
003jX0000008MmbQAE,https://business-data-62022.lightning.force.com/lightning/r/Contact/003jX0000008MmbQAE/view,Naledi,September,naledi_september2@hotmail.com,,RY-CONT-00261351,2026-09-09T12:33:34.000+0000
003jX0000008NU9QAM,https://business-data-62022.lightning.force.com/lightning/r/Contact/003jX0000008NU9QAM/view,Ashwin,Williams,,,RY-CONT-00262348,2026-09-09T12:31:09.000+0000
003jX0000008LLwQAM,https://business-data-62022.lightning.force.com/lightning/r/Contact/003jX0000008LLwQAM/view,Priya,Mthembu,priya_mthembu54@yahoo.com,001jX000000CbS4QAK,RY-CONT-00263002,2026-09-09T12:38:35.000+0000
003jX0000008PXaQAM,https://business-data-62022.lightning.force.com/lightning/r/Contact/003jX0000008PXaQAM/view,JAMES,Molefe,james.molefe8@gmail.com,,RY-CONT-00265137,2026-09-09T12:35:47.000+0000
003jX0000008R6KQAU,https://business-data-62022.lightning.force.com/lightning/r/Contact/003jX0000008R6KQAU/view,James,Du Plessis,jamesduplessis3@gmail.com,,RY-CONT-00266140,2026-09-09T12:38:55.000+0000
003jX0000008OA9QAM,https://business-data-62022.lightning.force.com/lightning/r/Contact/003jX0000008OA9QAM/view,Aisha,Smith,aisha.smith478@outlook.com,001jX000000CbS4QAK,RY-CONT-00267616,2026-09-09T12:31:44.000+0000
003jX0000008MPzQAM,https://business-data-62022.lightning.force.com/lightning/r/Contact/003jX0000008MPzQAM/view,Thabo,Ndlovu,thabo.ndlovu428@gmail.com,,RY-CONT-00270415,2026-09-09T12:38:17.000+0000
003jX0000008OI8QAM,https://business-data-62022.lightning.force.com/lightning/r/Contact/003jX0000008OI8QAM/view,Bongani,KHUMALO,bonganikhumalo869@gmail.com,001jX000000Ce9lQAC,RY-CONT-00270443,2026-09-09T12:33:41.000+0000
003jX0000008N2kQAE,https://business-data-62022.lightning.force.com/lightning/r/Contact/003jX0000008N2kQAE/view,Refilwe,Mokoena,refilwemokoena939@gmail.com,,RY-CONT-00270742,2026-09-09T12:36:53.000+0000
003jX0000008QYRQA2,https://business-data-62022.lightning.force.com/lightning/r/Contact/003jX0000008QYRQA2/view,Nomsa,Nkosi,nomsa.nkosi771@gmail.com,,RY-CONT-00270996,2026-09-09T12:31:25.000+0000
003jX0000008OyBQAU,https://business-data-62022.lightning.force.com/lightning/r/Contact/003jX0000008OyBQAU/view,Andile,Van Wyk,,,RY-CONT-00271263,2026-09-09T12:37:53.000+0000
003jX0000008MxrQAE,https://business-data-62022.lightning.force.com/lightning/r/Contact/003jX0000008MxrQAE/view,Sibusiso,Ndlovu,sibusisondlovu11@gmail.com,,RY-CONT-00277490,2026-09-09T12:27:18.000+0000
003jX0000008QGjQAM,https://business-data-62022.lightning.force.com/lightning/r/Contact/003jX0000008QGjQAM/view,Riaan,Molefe,riaan.molefe729@gmail.com,,RY-CONT-00279113,2026-09-09T12:37:46.000+0000
003jX0000008P68QAE,https://business-data-62022.lightning.force.com/lightning/r/Contact/003jX0000008P68QAE/view,Kagiso,Naidoo,kagisonaidoo137@gmail.com,,RY-CONT-00279356,2026-09-09T12:28:36.000+0000
003jX0000008RG1QAM,https://business-data-62022.lightning.force.com/lightning/r/Contact/003jX0000008RG1QAM/view,james,Mthembu,james.mthembu13@yahoo.com,,RY-CONT-00279410,2026-09-09T12:34:06.000+0000
003jX0000008OmnQAE,https://business-data-62022.lightning.force.com/lightning/r/Contact/003jX0000008OmnQAE/view,Sibusiso,September,sibusiso.september13@gmail.com,,RY-CONT-00285073,2026-09-09T12:28:18.000+0000
003jX0000008RStQAM,https://business-data-62022.lightning.force.com/lightning/r/Contact/003jX0000008RStQAM/view,Riaan,Williams,riaan.williams193@vodamail.co.za,,RY-CONT-00286943,2026-09-09T12:32:14.000+0000
003jX0000008RClQAM,https://business-data-62022.lightning.force.com/lightning/r/Contact/003jX0000008RClQAM/view,Zanele,Jansen,zanele.jansen15@gmail.com,001jX000000CbrtQAC,RY-CONT-00291187,2026-09-09T12:35:16.000+0000
003jX0000008LYpQAM,https://business-data-62022.lightning.force.com/lightning/r/Contact/003jX0000008LYpQAM/view,Yusuf,Steyn,yusuf.steyn753@icloud.com,001jX000000CbWvQAK,RY-CONT-00295891,2026-09-09T12:29:48.000+0000
003jX0000008MZlQAM,https://business-data-62022.lightning.force.com/lightning/r/Contact/003jX0000008MZlQAM/view,Zanele,September,zanele.september22@gmail.com,001jX000000CaKhQAK,RY-CONT-00303178,2026-09-09T12:39:14.000+0000
003jX0000008NZ0QAM,https://business-data-62022.lightning.force.com/lightning/r/Contact/003jX0000008NZ0QAM/view,kirsten,Naidoo,kirsten.naidoo10@live.co.za,,RY-CONT-00305999,2026-09-09T12:26:51.000+0000
003jX0000008OTTQA2,https://business-data-62022.lightning.force.com/lightning/r/Contact/003jX0000008OTTQA2/view,Johan,adams,johan.adams17@gmail.com,,RY-CONT-00307841,2026-09-09T12:32:49.000+0000
003jX0000008RHbQAM,https://business-data-62022.lightning.force.com/lightning/r/Contact/003jX0000008RHbQAM/view,Megan,Pillay,megan.pillay11@gmail.com,,RY-CONT-00311652,2026-09-09T12:38:22.000+0000
003jX0000008PqwQAE,https://business-data-62022.lightning.force.com/lightning/r/Contact/003jX0000008PqwQAE/view,Pieter,Fourie,pieter.fourie898@gmail.com,,RY-CONT-00315127,2026-09-09T12:35:20.000+0000
003jX0000008QIJQA2,https://business-data-62022.lightning.force.com/lightning/r/Contact/003jX0000008QIJQA2/view,Ayanda,Dlamini,ayandadlamini111@live.co.za,,RY-CONT-00318142,2026-09-09T12:27:05.000+0000
003jX0000008LSLQA2,https://business-data-62022.lightning.force.com/lightning/r/Contact/003jX0000008LSLQA2/view,Sibusiso,Zulu,sibusiso.zulu439@webmail.co.za,,RY-CONT-00321710,2026-09-09T12:31:47.000+0000
003jX0000008QJuQAM,https://business-data-62022.lightning.force.com/lightning/r/Contact/003jX0000008QJuQAM/view,Pieter,Mahlangu,pietermahlangu11@gmail.com,,RY-CONT-00324185,2026-09-09T12:29:26.000+0000
003jX0000008M8GQAU,https://business-data-62022.lightning.force.com/lightning/r/Contact/003jX0000008M8GQAU/view,Nadia,Botha,nadiabotha6@vodamail.co.za,001jX000000CbWvQAK,RY-CONT-00324465,2026-09-09T12:36:38.000+0000
003jX0000008Q2CQAU,https://business-data-62022.lightning.force.com/lightning/r/Contact/003jX0000008Q2CQAU/view,Kagiso,Damons,kagisodamons4@outlook.com,,RY-CONT-00324819,2026-09-09T12:36:41.000+0000
003jX0000008RayQAE,https://business-data-62022.lightning.force.com/lightning/r/Contact/003jX0000008RayQAE/view,Refilwe,Smith,refilwe.smith25@gmail.com,,RY-CONT-00330319,2026-09-09T12:38:58.000+0000
003jX0000008LvNQAU,https://business-data-62022.lightning.force.com/lightning/r/Contact/003jX0000008LvNQAU/view,Andile,Jansen,andilejansen7@gmail.com,,RY-CONT-00330494,2026-09-09T12:37:32.000+0000
003jX0000008ODIQA2,https://business-data-62022.lightning.force.com/lightning/r/Contact/003jX0000008ODIQA2/view,Kirsten,SITHOLE,kirsten.sithole582@gmail.com,001jX000000CdfDQAS,RY-CONT-00332758,2026-09-09T12:33:24.000+0000
003jX0000008PirQAE,https://business-data-62022.lightning.force.com/lightning/r/Contact/003jX0000008PirQAE/view,Megan,Botha,megan.botha17@gmail.com,,RY-CONT-00338756,2026-09-09T12:28:56.000+0000
003jX0000008M6hQAE,https://business-data-62022.lightning.force.com/lightning/r/Contact/003jX0000008M6hQAE/view,Daniel,Abrahams,daniel.abrahams17@gmail.com,001jX000000CdQgQAK,RY-CONT-00339848,2026-09-09T12:33:36.000+0000
003jX0000008PvoQAE,https://business-data-62022.lightning.force.com/lightning/r/Contact/003jX0000008PvoQAE/view,Refilwe,Pretorius,,001jX000000CbDbQAK,RY-CONT-00341510,2026-09-09T12:35:33.000+0000
003jX0000008OJkQAM,https://business-data-62022.lightning.force.com/lightning/r/Contact/003jX0000008OJkQAM/view,Kagiso,Mokoena,kagiso.mokoena665@yahoo.com,,RY-CONT-00346587,2026-09-09T12:30:41.000+0000
003jX0000008R34QAE,https://business-data-62022.lightning.force.com/lightning/r/Contact/003jX0000008R34QAE/view,Michael,Jansen,michael.jansen24@gmail.com,001jX000000CZN2QAO,RY-CONT-00353843,2026-09-09T12:30:00.000+0000
003jX0000008LowQAE,https://business-data-62022.lightning.force.com/lightning/r/Contact/003jX0000008LowQAE/view,Themba,Hendricks,themba.hendricks315@icloud.com,001jX000000Cc1dQAC,RY-CONT-00354118,2026-09-09T12:35:27.000+0000
003jX0000008Oy8QAE,https://business-data-62022.lightning.force.com/lightning/r/Contact/003jX0000008Oy8QAE/view,Themba,radebe,thembaradebe17@yahoo.com,,RY-CONT-00361832,2026-09-09T12:30:51.000+0000
003jX0000008RKpQAM,https://business-data-62022.lightning.force.com/lightning/r/Contact/003jX0000008RKpQAM/view,Zanele,Fortuin,zanele.fortuin24@live.co.za,,RY-CONT-00363095,2026-09-09T12:35:40.000+0000
003jX0000008NtxQAE,https://business-data-62022.lightning.force.com/lightning/r/Contact/003jX0000008NtxQAE/view,Katlego,Sibiya,katlego.sibiya616@hotmail.com,001jX000000CZN2QAO,RY-CONT-00365595,2026-09-09T12:34:33.000+0000
003jX0000008QTbQAM,https://business-data-62022.lightning.force.com/lightning/r/Contact/003jX0000008QTbQAM/view,Lindiwe,Daniels,lindiwedaniels8@outlook.com,,RY-CONT-00367491,2026-09-09T12:38:31.000+0000
003jX0000008NdrQAE,https://business-data-62022.lightning.force.com/lightning/r/Contact/003jX0000008NdrQAE/view,Zanele,September,zanele_september6@gmail.com,,RY-CONT-00369775,2026-09-09T12:32:04.000+0000
003jX0000008MBWQA2,https://business-data-62022.lightning.force.com/lightning/r/Contact/003jX0000008MBWQA2/view,Sipho,PILLAY,siphopillay26@gmail.com,,RY-CONT-00370157,2026-09-09T12:32:03.000+0000
003jX0000008Oy9QAE,https://business-data-62022.lightning.force.com/lightning/r/Contact/003jX0000008Oy9QAE/view,Yusuf,Smith,yusufsmith234@gmail.com,,RY-CONT-00372912,2026-09-09T12:33:15.000+0000
003jX0000008RHZQA2,https://business-data-62022.lightning.force.com/lightning/r/Contact/003jX0000008RHZQA2/view,Yusuf,Adams,yusuf.adams269@gmail.com,,RY-CONT-00374345,2026-09-09T12:28:28.000+0000
003jX0000008PPXQA2,https://business-data-62022.lightning.force.com/lightning/r/Contact/003jX0000008PPXQA2/view,Zanele,Sithole,zanelesithole26@outlook.com,,RY-CONT-00375869,2026-09-09T12:34:11.000+0000
003jX0000008MRgQAM,https://business-data-62022.lightning.force.com/lightning/r/Contact/003jX0000008MRgQAM/view,Sipho,Mahlangu,siphomahlangu33x1.0@gmail.com,001jX000000CZyBQAW,RY-CONT-00376140,2026-09-09T12:37:29.000+0000
003jX0000008NidQAE,https://business-data-62022.lightning.force.com/lightning/r/Contact/003jX0000008NidQAE/view,Pieter,Petersen,pieter.petersen26x1.0@gmail.com,001jX000000CdX4QAK,RY-CONT-00376521,2026-09-09T12:37:39.000+0000
003jX0000008RSsQAM,https://business-data-62022.lightning.force.com/lightning/r/Contact/003jX0000008RSsQAM/view,Bongani,Van Wyk,bonganivanwyk16@outlook.com,,RY-CONT-00380091,2026-09-09T12:31:14.000+0000
003jX0000008O5GQAU,https://business-data-62022.lightning.force.com/lightning/r/Contact/003jX0000008O5GQAU/view,Thabo,Steyn,thabo.steyn46@webmail.co.za,,RY-CONT-00381855,2026-09-09T12:31:17.000+0000
003jX0000008PCiQAM,https://business-data-62022.lightning.force.com/lightning/r/Contact/003jX0000008PCiQAM/view,Riaan,MAHLANGU,riaan.mahlangu31@webmail.co.za,,RY-CONT-00382911,2026-09-09T12:35:13.000+0000
003jX0000008MOMQA2,https://business-data-62022.lightning.force.com/lightning/r/Contact/003jX0000008MOMQA2/view,Lwazi,Mokoena,lwazimokoena17@icloud.com,,RY-CONT-00392531,2026-09-09T12:39:20.000+0000
003jX0000008PkVQAU,https://business-data-62022.lightning.force.com/lightning/r/Contact/003jX0000008PkVQAU/view,Thabo,Abrahams,thaboabrahams25@gmail.com,,RY-CONT-00397220,2026-09-09T12:28:58.000+0000
003jX0000008QFBQA2,https://business-data-62022.lightning.force.com/lightning/r/Contact/003jX0000008QFBQA2/view,Priya,Du Plessis,priya.duplessis23@gmail.com,,RY-CONT-00401423,2026-09-09T12:37:22.000+0000
003jX0000008NUBQA2,https://business-data-62022.lightning.force.com/lightning/r/Contact/003jX0000008NUBQA2/view,Dewald,Jansen,dewald.jansen11@outlook.com,001jX000000CdQfQAK,RY-CONT-00405840,2026-09-09T12:33:30.000+0000
003jX0000008RXhQAM,https://business-data-62022.lightning.force.com/lightning/r/Contact/003jX0000008RXhQAM/view,Nomsa,Zulu,nomsa_zulu22@gmail.com,001jX000000Cc6PQAS,RY-CONT-00406406,2026-09-09T12:31:27.000+0000
003jX0000008MZkQAM,https://business-data-62022.lightning.force.com/lightning/r/Contact/003jX0000008MZkQAM/view,Tshepo,Mahlangu,tshepomahlangu26@gmail.com,,RY-CONT-00406778,2026-09-09T12:29:44.000+0000
003jX0000008LlgQAE,https://business-data-62022.lightning.force.com/lightning/r/Contact/003jX0000008LlgQAE/view,Mpho,Mahlangu,mphomahlangu25@live.co.za,,RY-CONT-00413114,2026-09-09T12:28:07.000+0000
003jX0000008OAAQA2,https://business-data-62022.lightning.force.com/lightning/r/Contact/003jX0000008OAAQA2/view,Pieter,September,pieterseptember12@webmail.co.za,,RY-CONT-00417707,2026-09-09T12:31:54.000+0000
003jX0000008RB8QAM,https://business-data-62022.lightning.force.com/lightning/r/Contact/003jX0000008RB8QAM/view,Katlego,Pillay,katlego_pillay8@live.co.za,,RY-CONT-00419883,2026-09-09T12:28:45.000+0000
003jX0000008OwSQAU,https://business-data-62022.lightning.force.com/lightning/r/Contact/003jX0000008OwSQAU/view,ayanda,Hendricks,ayanda.hendricks400@gmail.com,,RY-CONT-00421054,2026-09-09T12:26:57.000+0000
003jX0000008MczQAE,https://business-data-62022.lightning.force.com/lightning/r/Contact/003jX0000008MczQAE/view,Refilwe,Maseko,refilwemaseko26@telkomsa.net,,RY-CONT-00423228,2026-09-09T12:36:48.000+0000
003jX0000008LLyQAM,https://business-data-62022.lightning.force.com/lightning/r/Contact/003jX0000008LLyQAM/view,Kirsten,September,kirsten_september4@gmail.com,,RY-CONT-00423722,2026-09-09T12:39:22.000+0000
003jX0000008OmoQAE,https://business-data-62022.lightning.force.com/lightning/r/Contact/003jX0000008OmoQAE/view,Thabo,Zulu,thabo.zulu90x1.0@gmail.com,001jX000000CbDbQAK,RY-CONT-00424695,2026-09-09T12:33:19.000+0000
003jX0000008RHaQAM,https://business-data-62022.lightning.force.com/lightning/r/Contact/003jX0000008RHaQAM/view,Lerato,Govender,lerato.govender56@webmail.co.za,,RY-CONT-00426843,2026-09-09T12:38:21.000+0000
003jX0000008O5HQAU,https://business-data-62022.lightning.force.com/lightning/r/Contact/003jX0000008O5HQAU/view,Lerato,Venter,lerato.venter43@gmail.com,,RY-CONT-00428257,2026-09-09T12:33:28.000+0000
003jX0000008NsMQAU,https://business-data-62022.lightning.force.com/lightning/r/Contact/003jX0000008NsMQAU/view,Naledi,Moodley,naledi.moodley427@gmail.com,001jX000000CdQgQAK,RY-CONT-00432960,2026-09-09T12:31:15.000+0000
003jX0000008OZrQAM,https://business-data-62022.lightning.force.com/lightning/r/Contact/003jX0000008OZrQAM/view,Mandla,Zulu,mandla_zulu9@mweb.co.za,001jX000000Ce89QAC,RY-CONT-00433379,2026-09-09T12:32:32.000+0000
003jX0000008QdHQAU,https://business-data-62022.lightning.force.com/lightning/r/Contact/003jX0000008QdHQAU/view,Tariq,Reddy,tariqreddy3@gmail.com,,RY-CONT-00433930,2026-09-09T12:32:08.000+0000
003jX0000008M6dQAE,https://business-data-62022.lightning.force.com/lightning/r/Contact/003jX0000008M6dQAE/view,mandla,Nyathi,mandlanyathi27@gmail.com,001jX000000CdX4QAK,RY-CONT-00434736,2026-09-09T12:28:26.000+0000
003jX0000008RBAQA2,https://business-data-62022.lightning.force.com/lightning/r/Contact/003jX0000008RBAQA2/view,Bongani,Petersen,bongani.petersen378@gmail.com,,RY-CONT-00434993,2026-09-09T12:39:15.000+0000
003jX0000008NymQAE,https://business-data-62022.lightning.force.com/lightning/r/Contact/003jX0000008NymQAE/view,RIAAN,Dlamini,riaan.dlamini228@gmail.com,,RY-CONT-00438400,2026-09-09T12:35:45.000+0000
003jX0000008OABQA2,https://business-data-62022.lightning.force.com/lightning/r/Contact/003jX0000008OABQA2/view,Busisiwe,Mthembu,busisiwemthembu750@gmail.com,001jX000000CdDlQAK,RY-CONT-00444257,2026-09-09T12:32:11.000+0000
003jX0000008Qa3QAE,https://business-data-62022.lightning.force.com/lightning/r/Contact/003jX0000008Qa3QAE/view,Anmarie,Van der Merwe,anmarie.vandermerwe27@webmail.co.za,,RY-CONT-00448502,2026-09-09T12:27:24.000+0000
003jX0000008LouQAE,https://business-data-62022.lightning.force.com/lightning/r/Contact/003jX0000008LouQAE/view,Nomsa,Radebe,nomsa.radebe146@outlook.com,,RY-CONT-00449759,2026-09-09T12:28:23.000+0000
003jX0000008RcXQAU,https://business-data-62022.lightning.force.com/lightning/r/Contact/003jX0000008RcXQAU/view,Themba,Sibiya,themba.sibiya461@gmail.com,,RY-CONT-00450587,2026-09-09T12:34:20.000+0000
003jX0000008Oq2QAE,https://business-data-62022.lightning.force.com/lightning/r/Contact/003jX0000008Oq2QAE/view,Michael,Zulu,michael.zulu277@mweb.co.za,,RY-CONT-00450608,2026-09-09T12:27:56.000+0000
003jX0000008N5xQAE,https://business-data-62022.lightning.force.com/lightning/r/Contact/003jX0000008N5xQAE/view,Daniel,Dlamini,daniel.dlamini77@outlook.com,001jX000000Cc6PQAS,RY-CONT-00450973,2026-09-09T12:29:07.000+0000
003jX0000008QmwQAE,https://business-data-62022.lightning.force.com/lightning/r/Contact/003jX0000008QmwQAE/view,MPHO,Ndlovu,mpho.ndlovu105@icloud.com,,RY-CONT-00453438,2026-09-09T12:31:57.000+0000
003jX0000008Q0bQAE,https://business-data-62022.lightning.force.com/lightning/r/Contact/003jX0000008Q0bQAE/view,Elmarie,Nel,elmarie.nel18@gmail.com,,RY-CONT-00453750,2026-09-09T12:34:15.000+0000
003jX0000008LKIQA2,https://business-data-62022.lightning.force.com/lightning/r/Contact/003jX0000008LKIQA2/view,Thandiwe,Dlamini,thandiwedlamini45@gmail.com,001jX000000CYqyQAG,RY-CONT-00460200,2026-09-09T12:32:37.000+0000
003jX0000008R7vQAE,https://business-data-62022.lightning.force.com/lightning/r/Contact/003jX0000008R7vQAE/view,Shireen,Ndlovu,shireen.ndlovu30@yahoo.com,,RY-CONT-00461751,2026-09-09T12:31:45.000+0000
003jX0000008PPTQA2,https://business-data-62022.lightning.force.com/lightning/r/Contact/003jX0000008PPTQA2/view,THANDIWE,Govender,,,RY-CONT-00462398,2026-09-09T12:32:28.000+0000
003jX0000008N61QAE,https://business-data-62022.lightning.force.com/lightning/r/Contact/003jX0000008N61QAE/view,Zodwa,Mahlangu,,001jX000000Ca9WQAS,RY-CONT-00465137,2026-09-09T12:32:47.000+0000
003jX0000008Lx3QAE,https://business-data-62022.lightning.force.com/lightning/r/Contact/003jX0000008Lx3QAE/view,MANDLA,Jacobs,mandlajacobs24@gmail.com,001jX000000Ccw0QAC,RY-CONT-00469205,2026-09-09T12:35:01.000+0000
003jX0000008Q3pQAE,https://business-data-62022.lightning.force.com/lightning/r/Contact/003jX0000008Q3pQAE/view,Tarryn,Dlamini,tarryn.dlamini593@gmail.com,001jX000000Cae2QAC,RY-CONT-00470541,2026-09-09T12:27:03.000+0000
003jX0000008PhFQAU,https://business-data-62022.lightning.force.com/lightning/r/Contact/003jX0000008PhFQAU/view,Roche,Daniels,,001jX000000Cc1dQAC,RY-CONT-00472069,2026-09-09T12:33:13.000+0000
003jX0000008PMGQA2,https://business-data-62022.lightning.force.com/lightning/r/Contact/003jX0000008PMGQA2/view,tshepo,Mabaso,tshepomabaso30@gmail.com,001jX000000CYlvQAG,RY-CONT-00472675,2026-09-09T12:31:33.000+0000
003jX0000008MwHQAU,https://business-data-62022.lightning.force.com/lightning/r/Contact/003jX0000008MwHQAU/view,Daniel,Nel,daniel.nel725@outlook.com,,RY-CONT-00475203,2026-09-09T12:34:00.000+0000
003jX0000008PkTQAU,https://business-data-62022.lightning.force.com/lightning/r/Contact/003jX0000008PkTQAU/view,Emma,Mabaso,emmamabaso491@gmail.com,001jX000000CdQfQAK,RY-CONT-00475603,2026-09-09T12:28:49.000+0000
003jX0000008MPyQAM,https://business-data-62022.lightning.force.com/lightning/r/Contact/003jX0000008MPyQAM/view,Bongani,Mahlangu,bongani.mahlangu97@gmail.com,001jX000000CYqyQAG,RY-CONT-00475838,2026-09-09T12:37:13.000+0000
003jX0000008N7aQAE,https://business-data-62022.lightning.force.com/lightning/r/Contact/003jX0000008N7aQAE/view,Ayanda,Nyathi,ayanda.nyathi51@gmail.com,001jX000000CdQfQAK,RY-CONT-00479075,2026-09-09T12:35:43.000+0000
003jX0000008RUUQA2,https://business-data-62022.lightning.force.com/lightning/r/Contact/003jX0000008RUUQA2/view,Tariq,Adams,tariqadams7@gmail.com,,RY-CONT-00485757,2026-09-09T12:31:19.000+0000
003jX0000008R6JQAU,https://business-data-62022.lightning.force.com/lightning/r/Contact/003jX0000008R6JQAU/view,Fatima,Venter,fatima_venter675@gmail.com,001jX000000Cd2SQAS,RY-CONT-00486318,2026-09-09T12:38:51.000+0000
003jX0000008LSKQA2,https://business-data-62022.lightning.force.com/lightning/r/Contact/003jX0000008LSKQA2/view,Priya,Steyn,priya_steyn5@vodamail.co.za,,RY-CONT-00486955,2026-09-09T12:29:40.000+0000
003jX0000008PitQAE,https://business-data-62022.lightning.force.com/lightning/r/Contact/003jX0000008PitQAE/view,Sibusiso,Dlamini,sibusiso.dlamini5462@gmail.com,,RY-CONT-00487427,2026-09-09T12:37:35.000+0000
003jX0000008RHcQAM,https://business-data-62022.lightning.force.com/lightning/r/Contact/003jX0000008RHcQAM/view,Lindiwe,Damons,lindiwedamons689@icloud.com,,RY-CONT-00487453,2026-09-09T12:38:47.000+0000
003jX0000008PR7QAM,https://business-data-62022.lightning.force.com/lightning/r/Contact/003jX0000008PR7QAM/view,Mandla,Van der Merwe,mandlavandermerwe32@mweb.co.za,,RY-CONT-00488277,2026-09-09T12:29:28.000+0000
003jX0000008MwGQAU,https://business-data-62022.lightning.force.com/lightning/r/Contact/003jX0000008MwGQAU/view,Katlego,Sithole,katlego.sithole946@outlook.com,,RY-CONT-00488536,2026-09-09T12:31:36.000+0000
003jX0000008LNYQA2,https://business-data-62022.lightning.force.com/lightning/r/Contact/003jX0000008LNYQA2/view,Chad,Sibiya,chad.sibiya466@hotmail.com,,RY-CONT-00494190,2026-09-09T12:33:39.000+0000
003jX0000008RZKQA2,https://business-data-62022.lightning.force.com/lightning/r/Contact/003jX0000008RZKQA2/view,Nadia,Isaacs,nadiaisaacs9@gmail.com,001jX000000CbWvQAK,RY-CONT-00496241,2026-09-09T12:32:06.000+0000
003jX0000008Q3tQAE,https://business-data-62022.lightning.force.com/lightning/r/Contact/003jX0000008Q3tQAE/view,Riaan,Maseko,riaan.maseko110@gmail.com,001jX000000CbDbQAK,RY-CONT-00503053,2026-09-09T12:31:00.000+0000
003jX0000008PJ2QAM,https://business-data-62022.lightning.force.com/lightning/r/Contact/003jX0000008PJ2QAM/view,Bongani,Molefe,bongani.molefe8@webmail.co.za,001jX000000CZN2QAO,RY-CONT-00510274,2026-09-09T12:27:31.000+0000
003jX0000008OA6QAM,https://business-data-62022.lightning.force.com/lightning/r/Contact/003jX0000008OA6QAM/view,Elmarie,Maseko,elmariemaseko12@gmail.com,,RY-CONT-00514180,2026-09-09T12:30:14.000+0000
003jX0000008RKnQAM,https://business-data-62022.lightning.force.com/lightning/r/Contact/003jX0000008RKnQAM/view,Kagiso,Nortje,kagiso.nortje12@telkomsa.net,,RY-CONT-00519002,2026-09-09T12:28:41.000+0000
003jX0000008OQEQA2,https://business-data-62022.lightning.force.com/lightning/r/Contact/003jX0000008OQEQA2/view,Jessica,Mahlangu,jessica.mahlangu49@gmail.com,,RY-CONT-00519090,2026-09-09T12:32:40.000+0000
003jX0000008OV1QAM,https://business-data-62022.lightning.force.com/lightning/r/Contact/003jX0000008OV1QAM/view,Willem,Van Wyk,willem_vanwyk7@hotmail.com,,RY-CONT-00522610,2026-09-09T12:36:34.000+0000
003jX0000008OI9QAM,https://business-data-62022.lightning.force.com/lightning/r/Contact/003jX0000008OI9QAM/view,Hendrik,Pretorius,hendrik.pretorius182@outlook.com,,RY-CONT-00523345,2026-09-09T12:33:44.000+0000
003jX0000008PChQAM,https://business-data-62022.lightning.force.com/lightning/r/Contact/003jX0000008PChQAM/view,Zaid,Moodley,zaid_moodley698@hotmail.com,001jX000000CYqyQAG,RY-CONT-00529757,2026-09-09T12:34:56.000+0000
003jX0000008PJ4QAM,https://business-data-62022.lightning.force.com/lightning/r/Contact/003jX0000008PJ4QAM/view,Sipho,WILLIAMS,sipho_williams198@gmail.com,,RY-CONT-00533260,2026-09-09T12:32:30.000+0000
003jX0000008Q0ZQAU,https://business-data-62022.lightning.force.com/lightning/r/Contact/003jX0000008Q0ZQAU/view,Kyle,Isaacs,kyleisaacs12@gmail.com,001jX000000CdDlQAK,RY-CONT-00533668,2026-09-09T12:27:26.000+0000
003jX0000008QeuQAE,https://business-data-62022.lightning.force.com/lightning/r/Contact/003jX0000008QeuQAE/view,Michael,Coetzee,michael.coetzee36@yahoo.com,001jX000000CdQgQAK,RY-CONT-00536141,2026-09-09T12:35:50.000+0000
003jX0000008RW5QAM,https://business-data-62022.lightning.force.com/lightning/r/Contact/003jX0000008RW5QAM/view,Hendrik,Van Wyk,hendrikvanwyk23@gmail.com,,RY-CONT-00536482,2026-09-09T12:30:56.000+0000
003jX0000008Ml2QAE,https://business-data-62022.lightning.force.com/lightning/r/Contact/003jX0000008Ml2QAE/view,Mpho,Maseko,mpho.maseko64@gmail.com,,RY-CONT-00540798,2026-09-09T12:39:01.000+0000
003jX0000008PSjQAM,https://business-data-62022.lightning.force.com/lightning/r/Contact/003jX0000008PSjQAM/view,Thabo,Molefe,thabo.molefe160@gmail.com,001jX000000Ce9lQAC,RY-CONT-00545242,2026-09-09T12:31:21.000+0000
003jX0000008RG0QAM,https://business-data-62022.lightning.force.com/lightning/r/Contact/003jX0000008RG0QAM/view,Sibusiso,Van Wyk,sibusiso.vanwyk67@gmail.com,,RY-CONT-00553673,2026-09-09T12:33:56.000+0000
003jX0000008PkWQAU,https://business-data-62022.lightning.force.com/lightning/r/Contact/003jX0000008PkWQAU/view,Sipho,Reddy,sipho.reddy99x1.0@gmail.com,001jX000000CcG3QAK,RY-CONT-00554362,2026-09-09T12:31:38.000+0000
003jX0000008Q3qQAE,https://business-data-62022.lightning.force.com/lightning/r/Contact/003jX0000008Q3qQAE/view,Palesa,Dlamini,palesa.dlamini463@gmail.com,,RY-CONT-00557865,2026-09-09T12:28:30.000+0000
003jX0000008OwTQAU,https://business-data-62022.lightning.force.com/lightning/r/Contact/003jX0000008OwTQAU/view,Themba,Du Plessis,themba.duplessis69@gmail.com,,RY-CONT-00563751,2026-09-09T12:29:32.000+0000
003jX0000008OyAQAU,https://business-data-62022.lightning.force.com/lightning/r/Contact/003jX0000008OyAQAU/view,Bongani,Steyn,,,RY-CONT-00569116,2026-09-09T12:33:43.000+0000
003jX0000008QaAQAU,https://business-data-62022.lightning.force.com/lightning/r/Contact/003jX0000008QaAQAU/view,Mandla,Abrahams,mandla.abrahams88@outlook.com,001jX000000Cc6PQAS,RY-CONT-00587346,2026-09-09T12:36:01.000+0000
003jX0000008LNWQA2,https://business-data-62022.lightning.force.com/lightning/r/Contact/003jX0000008LNWQA2/view,Chad,Smith,chad_smith389@gmail.com,,RY-CONT-00587469,2026-09-09T12:29:05.000+0000
003jX0000008OOZQA2,https://business-data-62022.lightning.force.com/lightning/r/Contact/003jX0000008OOZQA2/view,Refilwe,Radebe,refilwe_radebe15@gmail.com,,RY-CONT-00589290,2026-09-09T12:29:56.000+0000
003jX0000008PHTQA2,https://business-data-62022.lightning.force.com/lightning/r/Contact/003jX0000008PHTQA2/view,Riaan,Fourie,riaanfourie11@outlook.com,001jX000000CbS4QAK,RY-CONT-00590309,2026-09-09T12:26:58.000+0000
003jX0000008OQFQA2,https://business-data-62022.lightning.force.com/lightning/r/Contact/003jX0000008OQFQA2/view,Shireen,Maseko,shireen_maseko6@gmail.com,,RY-CONT-00600088,2026-09-09T12:32:45.000+0000
003jX0000008RO2QAM,https://business-data-62022.lightning.force.com/lightning/r/Contact/003jX0000008RO2QAM/view,Nomsa,Nel,nomsa.nel86@webmail.co.za,001jX000000Cae2QAC,RY-CONT-00602747,2026-09-09T12:36:23.000+0000
003jX0000008RawQAE,https://business-data-62022.lightning.force.com/lightning/r/Contact/003jX0000008RawQAE/view,Shireen,Zulu,shireen.zulu161@gmail.com,001jX000000CaEIQA0,RY-CONT-00604230,2026-09-09T12:38:45.000+0000
003jX0000008R4hQAE,https://business-data-62022.lightning.force.com/lightning/r/Contact/003jX0000008R4hQAE/view,Sarah,Petersen,sarah.petersen59@gmail.com,001jX000000CbDbQAK,RY-CONT-00612547,2026-09-09T12:37:51.000+0000
003jX0000008MmZQAU,https://business-data-62022.lightning.force.com/lightning/r/Contact/003jX0000008MmZQAU/view,Elmarie,Daniels,,,RY-CONT-00612674,2026-09-09T12:31:01.000+0000
003jX0000008LLxQAM,https://business-data-62022.lightning.force.com/lightning/r/Contact/003jX0000008LLxQAM/view,Refilwe,Abrahams,refilweabrahams28@gmail.com,,RY-CONT-00612795,2026-09-09T12:38:36.000+0000
003jX0000008PHWQA2,https://business-data-62022.lightning.force.com/lightning/r/Contact/003jX0000008PHWQA2/view,Kirsten,Williams,kirstenwilliams18@yahoo.com,,RY-CONT-00612894,2026-09-09T12:35:18.000+0000
003jX0000008OV0QAM,https://business-data-62022.lightning.force.com/lightning/r/Contact/003jX0000008OV0QAM/view,Mandla,Zulu,mandla.zulu107x1.0@gmail.com,,RY-CONT-00617818,2026-09-09T12:34:30.000+0000
003jX0000008PJ3QAM,https://business-data-62022.lightning.force.com/lightning/r/Contact/003jX0000008PJ3QAM/view,Busisiwe,Botha,busisiwe.botha93@hotmail.com,001jX000000CYlvQAG,RY-CONT-00618553,2026-09-09T12:29:12.000+0000
003jX0000008RFzQAM,https://business-data-62022.lightning.force.com/lightning/r/Contact/003jX0000008RFzQAM/view,Mpho,Khumalo,mpho.khumalo159@mweb.co.za,,RY-CONT-00620275,2026-09-09T12:33:06.000+0000
003jX0000008QGhQAM,https://business-data-62022.lightning.force.com/lightning/r/Contact/003jX0000008QGhQAM/view,Elmarie,Botha,elmarie.botha55@live.co.za,,RY-CONT-00622048,2026-09-09T12:29:20.000+0000
003jX0000008RELQA2,https://business-data-62022.lightning.force.com/lightning/r/Contact/003jX0000008RELQA2/view,Nkosinathi,Van Wyk,nkosinathivanwyk929@gmail.com,,RY-CONT-00622466,2026-09-09T12:27:10.000+0000
003jX0000008M1oQAE,https://business-data-62022.lightning.force.com/lightning/r/Contact/003jX0000008M1oQAE/view,Bongani,Fourie,,,RY-CONT-00626093,2026-09-09T12:28:24.000+0000
003jX0000008Np4QAE,https://business-data-62022.lightning.force.com/lightning/r/Contact/003jX0000008Np4QAE/view,Thabo,Daniels,thabo.daniels106@webmail.co.za,,RY-CONT-00633036,2026-09-09T12:39:12.000+0000
003jX0000008M6iQAE,https://business-data-62022.lightning.force.com/lightning/r/Contact/003jX0000008M6iQAE/view,Aisha,PILLAY,aishapillay512@gmail.com,001jX000000Cc6PQAS,RY-CONT-00635927,2026-09-09T12:33:46.000+0000
003jX0000008PVyQAM,https://business-data-62022.lightning.force.com/lightning/r/Contact/003jX0000008PVyQAM/view,Zanele,Pretorius,zanelepretorius334@live.co.za,,RY-CONT-00638922,2026-09-09T12:37:10.000+0000
003jX0000008Q0cQAE,https://business-data-62022.lightning.force.com/lightning/r/Contact/003jX0000008Q0cQAE/view,Mpho,Khumalo,mphokhumalo87@gmail.com,,RY-CONT-00642112,2026-09-09T12:35:15.000+0000
003jX0000008MGNQA2,https://business-data-62022.lightning.force.com/lightning/r/Contact/003jX0000008MGNQA2/view,Andile,Hendricks,andilehendricks27@gmail.com,001jX000000Ccw0QAC,RY-CONT-00642249,2026-09-09T12:37:18.000+0000
003jX0000008PhEQAU,https://business-data-62022.lightning.force.com/lightning/r/Contact/003jX0000008PhEQAU/view,Hendrik,Moodley,hendrik.moodley47@yahoo.com,,RY-CONT-00652876,2026-09-09T12:33:04.000+0000
003jX0000008Qa2QAE,https://business-data-62022.lightning.force.com/lightning/r/Contact/003jX0000008Qa2QAE/view,Fatima,Daniels,fatima.daniels46@icloud.com,001jX000000CbWvQAK,RY-CONT-00652914,2026-09-09T12:27:20.000+0000
003jX0000008NXMQA2,https://business-data-62022.lightning.force.com/lightning/r/Contact/003jX0000008NXMQA2/view,Johan,Du Plessis,johan.duplessis55@hotmail.com,,RY-CONT-00663220,2026-09-09T12:28:10.000+0000
003jX0000008QILQA2,https://business-data-62022.lightning.force.com/lightning/r/Contact/003jX0000008QILQA2/view,Ryan,Smith,ryan.smith56@gmail.com,,RY-CONT-00667261,2026-09-09T12:39:10.000+0000
003jX0000008RUTQA2,https://business-data-62022.lightning.force.com/lightning/r/Contact/003jX0000008RUTQA2/view,Ilse,Nyathi,ilsenyathi15@webmail.co.za,,RY-CONT-00669050,2026-09-09T12:30:34.000+0000
003jX0000008RCjQAM,https://business-data-62022.lightning.force.com/lightning/r/Contact/003jX0000008RCjQAM/view,James,Radebe,jamesradebe34@webmail.co.za,,RY-CONT-00673070,2026-09-09T12:27:07.000+0000
003jX0000008R3CQAU,https://business-data-62022.lightning.force.com/lightning/r/Contact/003jX0000008R3CQAU/view,Tshepo,Nyathi,tshepo.nyathi104x1.0@gmail.com,,RY-CONT-00673605,2026-09-09T12:38:11.000+0000
003jX0000008RO4QAM,https://business-data-62022.lightning.force.com/lightning/r/Contact/003jX0000008RO4QAM/view,Johan,Mthembu,johanmthembu40@mweb.co.za,,RY-CONT-00680714,2026-09-09T12:38:09.000+0000
003jX0000008RZJQA2,https://business-data-62022.lightning.force.com/lightning/r/Contact/003jX0000008RZJQA2/view,Anmarie,Mahlangu,,,RY-CONT-00680822,2026-09-09T12:31:52.000+0000
003jX0000008PKhQAM,https://business-data-62022.lightning.force.com/lightning/r/Contact/003jX0000008PKhQAM/view,Marlize,Sithole,marlize.sithole63@gmail.com,001jX000000CbS4QAK,RY-CONT-00683811,2026-09-09T12:36:17.000+0000
003jX0000008OQDQA2,https://business-data-62022.lightning.force.com/lightning/r/Contact/003jX0000008OQDQA2/view,Lerato,Venter,lerato.venter112@gmail.com,,RY-CONT-00684327,2026-09-09T12:31:06.000+0000
003jX0000008PqvQAE,https://business-data-62022.lightning.force.com/lightning/r/Contact/003jX0000008PqvQAE/view,Kyle,Radebe,kyle.radebe41x1.0@gmail.com,001jX000000CcG3QAK,RY-CONT-00686705,2026-09-09T12:26:53.000+0000
003jX0000008Pm5QAE,https://business-data-62022.lightning.force.com/lightning/r/Contact/003jX0000008Pm5QAE/view,Palesa,Fourie,palesa.fourie800@gmail.com,001jX000000Ce9lQAC,RY-CONT-00687346,2026-09-09T12:38:13.000+0000
003jX0000008Md1QAE,https://business-data-62022.lightning.force.com/lightning/r/Contact/003jX0000008Md1QAE/view,Busisiwe,Molefe,busisiwe.molefe88@outlook.com,,RY-CONT-00693357,2026-09-09T12:38:53.000+0000
003jX0000008NM2QAM,https://business-data-62022.lightning.force.com/lightning/r/Contact/003jX0000008NM2QAM/view,Zaid,Botha,zaidbotha875@icloud.com,,RY-CONT-00694540,2026-09-09T12:27:22.000+0000
003jX0000008Q2EQAU,https://business-data-62022.lightning.force.com/lightning/r/Contact/003jX0000008Q2EQAU/view,Mpho,Dlamini,mphodlamini114@gmail.com,001jX000000Ca9WQAS,RY-CONT-00701542,2026-09-09T12:37:24.000+0000
003jX0000008QGlQAM,https://business-data-62022.lightning.force.com/lightning/r/Contact/003jX0000008QGlQAM/view,Lindiwe,Moodley,lindiwe.moodley82@webmail.co.za,,RY-CONT-00704159,2026-09-09T12:38:33.000+0000
003jX0000008R1TQAU,https://business-data-62022.lightning.force.com/lightning/r/Contact/003jX0000008R1TQAU/view,Elmarie,Sibiya,elmarie.sibiya727@gmail.com,001jX000000CZyBQAW,RY-CONT-00705752,2026-09-09T12:35:11.000+0000
003jX0000008NE2QAM,https://business-data-62022.lightning.force.com/lightning/r/Contact/003jX0000008NE2QAM/view,Zanele,Dlamini,zanele.dlamini271@gmail.com,,RY-CONT-00706485,2026-09-09T12:38:38.000+0000
003jX0000008MReQAM,https://business-data-62022.lightning.force.com/lightning/r/Contact/003jX0000008MReQAM/view,Busisiwe,Ndlovu,busisiwe_ndlovu23@outlook.com,,RY-CONT-00708598,2026-09-09T12:32:51.000+0000
003jX0000008P1LQAU,https://business-data-62022.lightning.force.com/lightning/r/Contact/003jX0000008P1LQAU/view,Tshepo,Khumalo,tshepo.khumalo198@mweb.co.za,001jX000000CbWvQAK,RY-CONT-00708737,2026-09-09T12:34:23.000+0000
003jX0000008OuuQAE,https://business-data-62022.lightning.force.com/lightning/r/Contact/003jX0000008OuuQAE/view,Nokuthula,MOKOENA,nokuthulamokoena89@yahoo.com,,RY-CONT-00711441,2026-09-09T12:37:05.000+0000
003jX0000008P7kQAE,https://business-data-62022.lightning.force.com/lightning/r/Contact/003jX0000008P7kQAE/view,Sarah,Coetzee,sarah.coetzee50@hotmail.com,,RY-CONT-00714499,2026-09-09T12:29:03.000+0000
003jX0000008MY8QAM,https://business-data-62022.lightning.force.com/lightning/r/Contact/003jX0000008MY8QAM/view,Bongani,Mokoena,bongani.mokoena971@outlook.com,,RY-CONT-00715893,2026-09-09T12:34:10.000+0000
003jX0000008R7wQAE,https://business-data-62022.lightning.force.com/lightning/r/Contact/003jX0000008R7wQAE/view,Fatima,Sithole,fatima.sithole88@gmail.com,,RY-CONT-00718760,2026-09-09T12:35:52.000+0000
003jX0000008RizQAE,https://business-data-62022.lightning.force.com/lightning/r/Contact/003jX0000008RizQAE/view,Ryan,Radebe,ryan.radebe64@yahoo.com,001jX000000CaKhQAK,RY-CONT-00721415,2026-09-09T12:36:57.000+0000
003jX0000008MGMQA2,https://business-data-62022.lightning.force.com/lightning/r/Contact/003jX0000008MGMQA2/view,Lerato,Naidoo,lerato.naidoo242@outlook.com,,RY-CONT-00721617,2026-09-09T12:37:15.000+0000
003jX0000008LKHQA2,https://business-data-62022.lightning.force.com/lightning/r/Contact/003jX0000008LKHQA2/view,Michael,Abrahams,michael.abrahams70@gmail.com,001jX000000CZyBQAW,RY-CONT-00723619,2026-09-09T12:28:14.000+0000
003jX0000008NsOQAU,https://business-data-62022.lightning.force.com/lightning/r/Contact/003jX0000008NsOQAU/view,katlego,Mokoena,katlegomokoena397@telkomsa.net,,RY-CONT-00723762,2026-09-09T12:35:08.000+0000
003jX0000008LtjQAE,https://business-data-62022.lightning.force.com/lightning/r/Contact/003jX0000008LtjQAE/view,James,Nkosi,jamesnkosi596@outlook.com,,RY-CONT-00723887,2026-09-09T12:34:37.000+0000
003jX0000008MBXQA2,https://business-data-62022.lightning.force.com/lightning/r/Contact/003jX0000008MBXQA2/view,Emma,Moodley,emma.moodley940@gmail.com,,RY-CONT-00725111,2026-09-09T12:32:09.000+0000
003jX0000008QF8QAM,https://business-data-62022.lightning.force.com/lightning/r/Contact/003jX0000008QF8QAM/view,Ayanda,Zulu,ayanda_zulu35@webmail.co.za,,RY-CONT-00725989,2026-09-09T12:29:17.000+0000
003jX0000008Oy7QAE,https://business-data-62022.lightning.force.com/lightning/r/Contact/003jX0000008Oy7QAE/view,Nomsa,Mahlangu,nomsa.mahlangu224@outlook.com,001jX000000CdX4QAK,RY-CONT-00728005,2026-09-09T12:30:49.000+0000
003jX0000008Qa8QAE,https://business-data-62022.lightning.force.com/lightning/r/Contact/003jX0000008Qa8QAE/view,Kagiso,Nkosi,kagiso.nkosi205@live.co.za,,RY-CONT-00729860,2026-09-09T12:35:10.000+0000
003jX0000008Q3uQAE,https://business-data-62022.lightning.force.com/lightning/r/Contact/003jX0000008Q3uQAE/view,Bongani,Molefe,bonganimolefe76@gmail.com,,RY-CONT-00732812,2026-09-09T12:34:47.000+0000
003jX0000008MxsQAE,https://business-data-62022.lightning.force.com/lightning/r/Contact/003jX0000008MxsQAE/view,BONGANI,Moodley,bongani.moodley109@gmail.com,,RY-CONT-00734978,2026-09-09T12:30:19.000+0000
003jX0000008P67QAE,https://business-data-62022.lightning.force.com/lightning/r/Contact/003jX0000008P67QAE/view,Thandiwe,Nkosi,thandiwe_nkosi35@gmail.com,,RY-CONT-00736278,2026-09-09T12:28:34.000+0000
003jX0000008RflQAE,https://business-data-62022.lightning.force.com/lightning/r/Contact/003jX0000008RflQAE/view,Bongani,Mthembu,bonganimthembu83@gmail.com,,RY-CONT-00736407,2026-09-09T12:35:42.000+0000
003jX0000008M9rQAE,https://business-data-62022.lightning.force.com/lightning/r/Contact/003jX0000008M9rQAE/view,Roche,Mokoena,roche.mokoena545@gmail.com,,RY-CONT-00739999,2026-09-09T12:27:27.000+0000
003jX0000008Q0aQAE,https://business-data-62022.lightning.force.com/lightning/r/Contact/003jX0000008Q0aQAE/view,Bongani,Damons,bongani_damons12@gmail.com,,RY-CONT-00745516,2026-09-09T12:30:18.000+0000
003jX0000008MxtQAE,https://business-data-62022.lightning.force.com/lightning/r/Contact/003jX0000008MxtQAE/view,sibusiso,Khumalo,sibusisokhumalo71@gmail.com,,RY-CONT-00746609,2026-09-09T12:33:48.000+0000
003jX0000008Qa7QAE,https://business-data-62022.lightning.force.com/lightning/r/Contact/003jX0000008Qa7QAE/view,Tshepo,Van der Merwe,tshepovandermerwe487@gmail.com,,RY-CONT-00748246,2026-09-09T12:34:59.000+0000
003jX0000008PPUQA2,https://business-data-62022.lightning.force.com/lightning/r/Contact/003jX0000008PPUQA2/view,Ashwin,Damons,ashwin.damons295@hotmail.com,001jX000000CbrtQAC,RY-CONT-00752196,2026-09-09T12:33:02.000+0000
003jX0000008NUCQA2,https://business-data-62022.lightning.force.com/lightning/r/Contact/003jX0000008NUCQA2/view,Michael,Nkosi,michael.nkosi174@gmail.com,,RY-CONT-00755771,2026-09-09T12:37:58.000+0000
003jX0000008M6eQAE,https://business-data-62022.lightning.force.com/lightning/r/Contact/003jX0000008M6eQAE/view,Refilwe,Nkosi,,001jX000000Ce9lQAC,RY-CONT-00757563,2026-09-09T12:29:00.000+0000
003jX0000008OTSQA2,https://business-data-62022.lightning.force.com/lightning/r/Contact/003jX0000008OTSQA2/view,Ryan,Petersen,ryanpetersen24@icloud.com,,RY-CONT-00759749,2026-09-09T12:27:43.000+0000
003jX0000008P69QAE,https://business-data-62022.lightning.force.com/lightning/r/Contact/003jX0000008P69QAE/view,Zodwa,Isaacs,zodwa.isaacs63@icloud.com,,RY-CONT-00764398,2026-09-09T12:28:51.000+0000
003jX0000008LNXQA2,https://business-data-62022.lightning.force.com/lightning/r/Contact/003jX0000008LNXQA2/view,Sibusiso,Jacobs,sibusisojacobs58@gmail.com,001jX000000CcG3QAK,RY-CONT-00765566,2026-09-09T12:29:18.000+0000
003jX0000008PhGQAU,https://business-data-62022.lightning.force.com/lightning/r/Contact/003jX0000008PhGQAU/view,Andile,Dlamini,andile.dlamini517@gmail.com,,RY-CONT-00765592,2026-09-09T12:34:22.000+0000
003jX0000008ON3QAM,https://business-data-62022.lightning.force.com/lightning/r/Contact/003jX0000008ON3QAM/view,Fatima,Fourie,fatima.fourie56@gmail.com,,RY-CONT-00767563,2026-09-09T12:30:29.000+0000
003jX0000008LYnQAM,https://business-data-62022.lightning.force.com/lightning/r/Contact/003jX0000008LYnQAM/view,Elmarie,Damons,elmarie.damons18@vodamail.co.za,001jX000000CdfDQAS,RY-CONT-00769962,2026-09-09T12:28:43.000+0000
003jX0000008MY4QAM,https://business-data-62022.lightning.force.com/lightning/r/Contact/003jX0000008MY4QAM/view,Busisiwe,Zulu,busisiwezulu585@gmail.com,001jX000000Cd2SQAS,RY-CONT-00772584,2026-09-09T12:27:14.000+0000
003jX0000008Qa5QAE,https://business-data-62022.lightning.force.com/lightning/r/Contact/003jX0000008Qa5QAE/view,Chad,Nkosi,chadnkosi46@gmail.com,,RY-CONT-00776344,2026-09-09T12:34:42.000+0000
003jX0000008QjiQAE,https://business-data-62022.lightning.force.com/lightning/r/Contact/003jX0000008QjiQAE/view,Ayanda,Hendricks,ayanda.hendricks138@icloud.com,001jX000000Cd2SQAS,RY-CONT-00784249,2026-09-09T12:32:01.000+0000
003jX0000008Oi0QAE,https://business-data-62022.lightning.force.com/lightning/r/Contact/003jX0000008Oi0QAE/view,Elmarie,NDLOVU,elmarie.ndlovu392@gmail.co.za,,RY-CONT-00801065,2026-09-09T12:27:00.000+0000
003jX0000008PCgQAM,https://business-data-62022.lightning.force.com/lightning/r/Contact/003jX0000008PCgQAM/view,Daniel,Nkosi,,,RY-CONT-00802539,2026-09-09T12:34:27.000+0000
003jX0000008MY5QAM,https://business-data-62022.lightning.force.com/lightning/r/Contact/003jX0000008MY5QAM/view,AYANDA,Petersen,ayanda.petersen147@icloud.com,,RY-CONT-00803158,2026-09-09T12:27:41.000+0000
003jX0000008NHIQA2,https://business-data-62022.lightning.force.com/lightning/r/Contact/003jX0000008NHIQA2/view,Busisiwe,Khumalo,busisiwe.khumalo162@webmail.co.za,,RY-CONT-00804376,2026-09-09T12:38:49.000+0000
003jX0000008R3BQAU,https://business-data-62022.lightning.force.com/lightning/r/Contact/003jX0000008R3BQAU/view,Megan,Mthembu,megan.mthembu826@gmail.com,001jX000000CbrtQAC,RY-CONT-00805154,2026-09-09T12:37:34.000+0000
003jX0000008OwUQAU,https://business-data-62022.lightning.force.com/lightning/r/Contact/003jX0000008OwUQAU/view,Bongani,Botha,bongani.botha178@icloud.com,001jX000000Ccw0QAC,RY-CONT-00807150,2026-09-09T12:32:42.000+0000
003jX0000008OJiQAM,https://business-data-62022.lightning.force.com/lightning/r/Contact/003jX0000008OJiQAM/view,Lerato,Khumalo,leratokhumalo139@telkomsa.net,,RY-CONT-00813724,2026-09-09T12:28:05.000+0000
003jX0000008PvmQAE,https://business-data-62022.lightning.force.com/lightning/r/Contact/003jX0000008PvmQAE/view,Tariq,Hendricks,,001jX000000Ce89QAC,RY-CONT-00814136,2026-09-09T12:34:50.000+0000
003jX0000008PkXQAU,https://business-data-62022.lightning.force.com/lightning/r/Contact/003jX0000008PkXQAU/view,James,Nortje,james.nortje47@gmail.com,001jX000000CaEIQA0,RY-CONT-00820857,2026-09-09T12:31:55.000+0000
003jX0000008P6AQAU,https://business-data-62022.lightning.force.com/lightning/r/Contact/003jX0000008P6AQAU/view,Tarryn,Zulu,tarryn.zulu54@gmail.com,001jX000000CdQgQAK,RY-CONT-00825448,2026-09-09T12:28:55.000+0000
003jX0000008QuiQAE,https://business-data-62022.lightning.force.com/lightning/r/Contact/003jX0000008QuiQAE/view,Thabo,Hendricks,thabo.hendricks190@gmail.com,001jX000000Cae2QAC,RY-CONT-00826081,2026-09-09T12:31:50.000+0000
003jX0000008PPWQA2,https://business-data-62022.lightning.force.com/lightning/r/Contact/003jX0000008PPWQA2/view,Emma,mahlangu,emma.mahlangu119@gmail.com,001jX000000Cae2QAC,RY-CONT-00832308,2026-09-09T12:34:08.000+0000
003jX0000008QOpQAM,https://business-data-62022.lightning.force.com/lightning/r/Contact/003jX0000008QOpQAM/view,Pieter,Pillay,pieter.pillay115@gmail.com,,RY-CONT-00838266,2026-09-09T12:31:29.000+0000
003jX0000008R6IQAU,https://business-data-62022.lightning.force.com/lightning/r/Contact/003jX0000008R6IQAU/view,Nomsa,Petersen,nomsa.petersen164@live.co.za,001jX000000CdjzQAC,RY-CONT-00838608,2026-09-09T12:27:45.000+0000
003jX0000008PPYQA2,https://business-data-62022.lightning.force.com/lightning/r/Contact/003jX0000008PPYQA2/view,Lerato,Du Plessis,lerato_duplessis24@gmail.com,001jX000000CdfDQAS,RY-CONT-00843471,2026-09-09T12:35:38.000+0000
003jX0000008Q3rQAE,https://business-data-62022.lightning.force.com/lightning/r/Contact/003jX0000008Q3rQAE/view,Nkosinathi,Van Wyk,nkosinathivanwyk50x1.0@gmail.com,001jX000000Cd2SQAS,RY-CONT-00846872,2026-09-09T12:29:41.000+0000
003jX0000008NtwQAE,https://business-data-62022.lightning.force.com/lightning/r/Contact/003jX0000008NtwQAE/view,Lwazi,Ndlovu,lwazi.ndlovu143@webmail.co.za,001jX000000CdDlQAK,RY-CONT-00849157,2026-09-09T12:34:28.000+0000
003jX0000008QlMQAU,https://business-data-62022.lightning.force.com/lightning/r/Contact/003jX0000008QlMQAU/view,Nadia,Sithole,nadia.sithole153@gmail.com,,RY-CONT-00851322,2026-09-09T12:36:09.000+0000
003jX0000008NU8QAM,https://business-data-62022.lightning.force.com/lightning/r/Contact/003jX0000008NU8QAM/view,Ryan,Pillay,ryanpillay36x1.0@gmail.com,001jX000000Ccw0QAC,RY-CONT-00852322,2026-09-09T12:30:26.000+0000
003jX0000008MTIQA2,https://business-data-62022.lightning.force.com/lightning/r/Contact/003jX0000008MTIQA2/view,AYANDA,Adams,ayandaadams94@gmail.com,,RY-CONT-00857786,2026-09-09T12:34:32.000+0000
003jX0000008PHXQA2,https://business-data-62022.lightning.force.com/lightning/r/Contact/003jX0000008PHXQA2/view,Mandla,Smith,mandla.smith130x1.0@telkomsa.net,,RY-CONT-00858485,2026-09-09T12:37:55.000+0000
003jX0000008MoBQAU,https://business-data-62022.lightning.force.com/lightning/r/Contact/003jX0000008MoBQAU/view,Andile,Dlamini,andile.dlamini233x1.0@gmail.com,001jX000000CdDlQAK,RY-CONT-00863187,2026-09-09T12:36:44.000+0000
003jX0000008M9sQAE,https://business-data-62022.lightning.force.com/lightning/r/Contact/003jX0000008M9sQAE/view,Anmarie,Van der Merwe,anmarie.vandermerwe84@outlook.com,,RY-CONT-00864954,2026-09-09T12:27:29.000+0000
003jX0000008OlCQAU,https://business-data-62022.lightning.force.com/lightning/r/Contact/003jX0000008OlCQAU/view,Fatima,Fourie,fatima_fourie8@gmail.com,,RY-CONT-00865040,2026-09-09T12:37:00.000+0000
003jX0000008RJFQA2,https://business-data-62022.lightning.force.com/lightning/r/Contact/003jX0000008RJFQA2/view,Palesa,Mthembu,palesa.mthembu348@gmail.com,,RY-CONT-00872753,2026-09-09T12:39:06.000+0000
003jX0000008NfSQAU,https://business-data-62022.lightning.force.com/lightning/r/Contact/003jX0000008NfSQAU/view,Pieter,Sithole,pieter.sithole145x1.0@gmail.com,,RY-CONT-00873418,2026-09-09T12:26:48.000+0000
003jX0000008Q3sQAE,https://business-data-62022.lightning.force.com/lightning/r/Contact/003jX0000008Q3sQAE/view,Priya,Mokoena,priyamokoena472@webmail.co.za,,RY-CONT-00873494,2026-09-09T12:30:08.000+0000
003jX0000008PkUQAU,https://business-data-62022.lightning.force.com/lightning/r/Contact/003jX0000008PkUQAU/view,Johan,Hendricks,johanhendricks39@gmail.com,,RY-CONT-00879331,2026-09-09T12:28:53.000+0000
003jX0000008RKoQAM,https://business-data-62022.lightning.force.com/lightning/r/Contact/003jX0000008RKoQAM/view,Elmarie,Naidoo,elmarie.naidoo85@gmail.com,,RY-CONT-00880838,2026-09-09T12:31:59.000+0000
003jX0000008M1pQAE,https://business-data-62022.lightning.force.com/lightning/r/Contact/003jX0000008M1pQAE/view,Marlize,Smith,marlizesmith16@vodamail.co.za,001jX000000CaKhQAK,RY-CONT-00881107,2026-09-09T12:30:06.000+0000
003jX0000008NHJQA2,https://business-data-62022.lightning.force.com/lightning/r/Contact/003jX0000008NHJQA2/view,Naledi,Daniels,naledi.daniels129@gmail.com,,RY-CONT-00885774,2026-09-09T12:39:05.000+0000
003jX0000008NE1QAM,https://business-data-62022.lightning.force.com/lightning/r/Contact/003jX0000008NE1QAM/view,Naledi,Mahlangu,naledi_mahlangu851@hotmail.com,001jX000000CYlvQAG,RY-CONT-00886520,2026-09-09T12:36:07.000+0000
003jX0000008PZBQA2,https://business-data-62022.lightning.force.com/lightning/r/Contact/003jX0000008PZBQA2/view,Elmarie,Fortuin,elmarie.fortuin42@gmail.com,,RY-CONT-00887636,2026-09-09T12:29:51.000+0000
003jX0000008PhCQAU,https://business-data-62022.lightning.force.com/lightning/r/Contact/003jX0000008PhCQAU/view,Nkosinathi,Nyathi,nkosinathi_nyathi679@vodamail.co.za,001jX000000CZN2QAO,RY-CONT-00889799,2026-09-09T12:32:16.000+0000
003jX0000008QGiQAM,https://business-data-62022.lightning.force.com/lightning/r/Contact/003jX0000008QGiQAM/view,Nkosinathi,Zulu,nkosinathi_zulu23@vodamail.co.za,,RY-CONT-00894708,2026-09-09T12:36:29.000+0000
003jX0000008N7YQAU,https://business-data-62022.lightning.force.com/lightning/r/Contact/003jX0000008N7YQAU/view,Ayanda,Fourie,ayanda.fourie129@outlook.com,,RY-CONT-00895740,2026-09-09T12:28:40.000+0000
003jX0000008Qi7QAE,https://business-data-62022.lightning.force.com/lightning/r/Contact/003jX0000008Qi7QAE/view,CHANTELLE,Pretorius,chantelle.pretorius552@yahoo.com,001jX000000CcG3QAK,RY-CONT-00897057,2026-09-09T12:38:29.000+0000
003jX0000008LFQQA2,https://business-data-62022.lightning.force.com/lightning/r/Contact/003jX0000008LFQQA2/view,Daniel,Steyn,daniel.steyn84@gmail.com,,RY-CONT-00898251,2026-09-09T12:27:36.000+0000
003jX0000008OGZQA2,https://business-data-62022.lightning.force.com/lightning/r/Contact/003jX0000008OGZQA2/view,Ryan,Botha,ryan.botha73@gmail.com,001jX000000CaEIQA0,RY-CONT-00902685,2026-09-09T12:36:28.000+0000
003jX0000008NSYQA2,https://business-data-62022.lightning.force.com/lightning/r/Contact/003jX0000008NSYQA2/view,Thabo,Pretorius,thabopretorius89@outlook.com,,RY-CONT-00903359,2026-09-09T12:37:04.000+0000
003jX0000008RENQA2,https://business-data-62022.lightning.force.com/lightning/r/Contact/003jX0000008RENQA2/view,Roche,dlamini,,,RY-CONT-00906504,2026-09-09T12:32:35.000+0000
003jX0000008LnHQAU,https://business-data-62022.lightning.force.com/lightning/r/Contact/003jX0000008LnHQAU/view,Kagiso,Van der Merwe,kagiso.vandermerwe173@outlook.co.za,,RY-CONT-00908451,2026-09-09T12:35:05.000+0000
003jX0000008PZCQA2,https://business-data-62022.lightning.force.com/lightning/r/Contact/003jX0000008PZCQA2/view,David,Naidoo,davidnaidoo855@icloud.com,,RY-CONT-00908526,2026-09-09T12:37:27.000+0000
003jX0000008NdtQAE,https://business-data-62022.lightning.force.com/lightning/r/Contact/003jX0000008NdtQAE/view,Nomsa,Nel,nomsa.nel21@outlook.com,001jX000000CdQfQAK,RY-CONT-00909113,2026-09-09T12:38:02.000+0000
003jX0000008QYSQA2,https://business-data-62022.lightning.force.com/lightning/r/Contact/003jX0000008QYSQA2/view,Bongani,Van der Merwe,bonganivandermerwe119@gmail.co.za,,RY-CONT-00910831,2026-09-09T12:33:26.000+0000
003jX0000008R39QAE,https://business-data-62022.lightning.force.com/lightning/r/Contact/003jX0000008R39QAE/view,Mpho,Maseko,mphomaseko836@gmail.com,001jX000000CcG3QAK,RY-CONT-00911542,2026-09-09T12:36:12.000+0000
003jX0000008PisQAE,https://business-data-62022.lightning.force.com/lightning/r/Contact/003jX0000008PisQAE/view,Naledi,Jacobs,naledijacobs583@gmail.com,,RY-CONT-00916148,2026-09-09T12:35:29.000+0000
003jX0000008M6fQAE,https://business-data-62022.lightning.force.com/lightning/r/Contact/003jX0000008M6fQAE/view,Thandiwe,Zulu,,001jX000000CYqyQAG,RY-CONT-00918661,2026-09-09T12:30:21.000+0000
003jX0000008LQlQAM,https://business-data-62022.lightning.force.com/lightning/r/Contact/003jX0000008LQlQAM/view,Nokuthula,Botha,nokuthula.botha176@gmail.com,,RY-CONT-00919459,2026-09-09T12:27:49.000+0000
003jX0000008PHVQA2,https://business-data-62022.lightning.force.com/lightning/r/Contact/003jX0000008PHVQA2/view,Sibusiso,Steyn,sibusiso.steyn124@gmail.com,001jX000000CaEIQA0,RY-CONT-00919494,2026-09-09T12:34:13.000+0000
003jX0000008QAHQA2,https://business-data-62022.lightning.force.com/lightning/r/Contact/003jX0000008QAHQA2/view,Busisiwe,Khumalo,busisiwekhumalo81@gmail.com,001jX000000CaEIQA0,RY-CONT-00923154,2026-09-09T12:27:09.000+0000
003jX0000008O0NQAU,https://business-data-62022.lightning.force.com/lightning/r/Contact/003jX0000008O0NQAU/view,Jessica,Dlamini,jessica.dlamini71@vodamail.co.za,,RY-CONT-00924105,2026-09-09T12:35:31.000+0000
003jX0000008R4gQAE,https://business-data-62022.lightning.force.com/lightning/r/Contact/003jX0000008R4gQAE/view,Pieter,Naidoo,pieter.naidoo742@outlook.com,,RY-CONT-00924463,2026-09-09T12:37:31.000+0000
003jX0000008OmpQAE,https://business-data-62022.lightning.force.com/lightning/r/Contact/003jX0000008OmpQAE/view,Thabo,Dlamini,thabo.dlamini471@gmail.com,,RY-CONT-00924945,2026-09-09T12:33:23.000+0000
003jX0000008RJDQA2,https://business-data-62022.lightning.force.com/lightning/r/Contact/003jX0000008RJDQA2/view,Riaan,Zulu,riaan.zulu99@gmail.com,,RY-CONT-00928860,2026-09-09T12:37:20.000+0000
003jX0000008NdsQAE,https://business-data-62022.lightning.force.com/lightning/r/Contact/003jX0000008NdsQAE/view,Zanele,Molefe,zanele.molefe253@gmail.com,001jX000000CdX4QAK,RY-CONT-00937927,2026-09-09T12:35:22.000+0000
003jX0000008ML9QAM,https://business-data-62022.lightning.force.com/lightning/r/Contact/003jX0000008ML9QAM/view,Lerato,Pretorius,leratopretorius101@gmail.com,001jX000000CZyBQAW,RY-CONT-00939196,2026-09-09T12:32:57.000+0000
003jX0000008QIKQA2,https://business-data-62022.lightning.force.com/lightning/r/Contact/003jX0000008QIKQA2/view,Sibusiso,Sithole,sibusiso.sithole199@hotmail.com,,RY-CONT-00941371,2026-09-09T12:36:42.000+0000
003jX0000008N60QAE,https://business-data-62022.lightning.force.com/lightning/r/Contact/003jX0000008N60QAE/view,Nokuthula,Dlamini,nokuthuladlamini133@outlook.com,,RY-CONT-00943356,2026-09-09T12:32:25.000+0000
003jX0000008RO3QAM,https://business-data-62022.lightning.force.com/lightning/r/Contact/003jX0000008RO3QAM/view,Nomsa,Sibiya,nomsa_sibiya48@gmail.com,001jX000000CdjzQAC,RY-CONT-00943714,2026-09-09T12:37:02.000+0000
003jX0000008MZjQAM,https://business-data-62022.lightning.force.com/lightning/r/Contact/003jX0000008MZjQAM/view,Ayanda,Moodley,ayandamoodley968@outlook.com,001jX000000CbDbQAK,RY-CONT-00946213,2026-09-09T12:28:38.000+0000
003jX0000008RRGQA2,https://business-data-62022.lightning.force.com/lightning/r/Contact/003jX0000008RRGQA2/view,Lerato,Dlamini,lerato.dlamini429@icloud.com,001jX000000CaKhQAK,RY-CONT-00946771,2026-09-09T12:32:22.000+0000
003jX0000008PvnQAE,https://business-data-62022.lightning.force.com/lightning/r/Contact/003jX0000008PvnQAE/view,Kyle,Steyn,kyle_steyn11@live.co.za,,RY-CONT-00950132,2026-09-09T12:35:03.000+0000
003jX0000008R37QAE,https://business-data-62022.lightning.force.com/lightning/r/Contact/003jX0000008R37QAE/view,Andile,Hendricks,andile.hendricks112@gmail.com,,RY-CONT-00951263,2026-09-09T12:30:45.000+0000
003jX0000008QBsQAM,https://business-data-62022.lightning.force.com/lightning/r/Contact/003jX0000008QBsQAM/view,Tshepo,Nkosi,tsheponkosi149@outlook.com,,RY-CONT-00954496,2026-09-09T12:28:47.000+0000
003jX0000008QN9QAM,https://business-data-62022.lightning.force.com/lightning/r/Contact/003jX0000008QN9QAM/view,Nkosinathi,Sithole,nkosinathi.sithole726@webmail.co.za,,RY-CONT-00967500,2026-09-09T12:36:19.000+0000
003jX0000008LKJQA2,https://business-data-62022.lightning.force.com/lightning/r/Contact/003jX0000008LKJQA2/view,Roche,maseko,roche.maseko62@vodamail.co.za,001jX000000CYlvQAG,RY-CONT-00972253,2026-09-09T12:33:53.000+0000
003jX0000008RMPQA2,https://business-data-62022.lightning.force.com/lightning/r/Contact/003jX0000008RMPQA2/view,Lwazi,Dlamini,lwazi.dlamini455@outlook.com,,RY-CONT-00973289,2026-09-09T12:29:11.000+0000
003jX0000008RaxQAE,https://business-data-62022.lightning.force.com/lightning/r/Contact/003jX0000008RaxQAE/view,Mandla,Nkosi,mandla.nkosi291@webmail.co.za,001jX000000CbWvQAK,RY-CONT-00979518,2026-09-09T12:38:56.000+0000
003jX0000008ON5QAM,https://business-data-62022.lightning.force.com/lightning/r/Contact/003jX0000008ON5QAM/view,Mandla,Dlamini,mandla_dlamini55@icloud.com,,RY-CONT-00979728,2026-09-09T12:37:16.000+0000
003jX0000008O0MQAU,https://business-data-62022.lightning.force.com/lightning/r/Contact/003jX0000008O0MQAU/view,Thabo,Adams,thabo_adams36@gmail.com,,RY-CONT-00980346,2026-09-09T12:29:58.000+0000
003jX0000008LqVQAU,https://business-data-62022.lightning.force.com/lightning/r/Contact/003jX0000008LqVQAU/view,Chantelle,Maseko,chantelle.maseko107@yahoo.com,001jX000000Ce9lQAC,RY-CONT-00981002,2026-09-09T12:35:56.000+0000
003jX0000008Q3vQAE,https://business-data-62022.lightning.force.com/lightning/r/Contact/003jX0000008Q3vQAE/view,Sipho,Dlamini,sipho.dlamini750@outlook.com,,RY-CONT-00986447,2026-09-09T12:34:52.000+0000
003jX0000008QlLQAU,https://business-data-62022.lightning.force.com/lightning/r/Contact/003jX0000008QlLQAU/view,Bongani,Nkosi,bongani.nkosi225@gmail.com,,RY-CONT-00994042,2026-09-09T12:30:47.000+0000
003jX0000008LgrQAE,https://business-data-62022.lightning.force.com/lightning/r/Contact/003jX0000008LgrQAE/view,Riaan,Reddy,riaanreddy658@outlook.com,,RY-CONT-00994331,2026-09-09T12:34:25.000+0000
003jX0000008NsNQAU,https://business-data-62022.lightning.force.com/lightning/r/Contact/003jX0000008NsNQAU/view,Refilwe,Petersen,,001jX000000Ca9WQAS,RY-CONT-00996029,2026-09-09T12:35:07.000+0000
003jX0000008MmeQAE,https://business-data-62022.lightning.force.com/lightning/r/Contact/003jX0000008MmeQAE/view,Zodwa,Nkosi,zodwa.nkosi213@yahoo.com,,RY-CONT-01001966,2026-09-09T12:36:00.000+0000
003jX0000008QNAQA2,https://business-data-62022.lightning.force.com/lightning/r/Contact/003jX0000008QNAQA2/view,Tshepo,Pillay,tshepopillay76@gmail.com,,RY-CONT-01004979,2026-09-09T12:37:37.000+0000
003jX0000008R1SQAU,https://business-data-62022.lightning.force.com/lightning/r/Contact/003jX0000008R1SQAU/view,Thabo,Daniels,thabo_daniels43@outlook.com,,RY-CONT-01011046,2026-09-09T12:34:57.000+0000
003jX0000008QetQAE,https://business-data-62022.lightning.force.com/lightning/r/Contact/003jX0000008QetQAE/view,Chad,Naidoo,chad.naidoo78x1.0@gmail.com,,RY-CONT-01015194,2026-09-09T12:35:37.000+0000
003jX0000008RkbQAE,https://business-data-62022.lightning.force.com/lightning/r/Contact/003jX0000008RkbQAE/view,Lwazi,Sibiya,lwazi.sibiya117@yahoo.com,,RY-CONT-01026076,2026-09-09T12:37:09.000+0000
003jX0000008OA8QAM,https://business-data-62022.lightning.force.com/lightning/r/Contact/003jX0000008OA8QAM/view,Thabo,Mahlangu,thabo.mahlangu480@gmail.com,001jX000000CZyBQAW,RY-CONT-01026169,2026-09-09T12:30:38.000+0000
003jX0000008QYVQA2,https://business-data-62022.lightning.force.com/lightning/r/Contact/003jX0000008QYVQA2/view,Refilwe,mokoena,refilwe_mokoena131@gmail.com,001jX000000CdDlQAK,RY-CONT-01027940,2026-09-09T12:39:03.000+0000
003jX0000008RJBQA2,https://business-data-62022.lightning.force.com/lightning/r/Contact/003jX0000008RJBQA2/view,Tshepo,Mthembu,tshepo_mthembu491@outlook.com,001jX000000Cc1dQAC,RY-CONT-01031183,2026-09-09T12:28:32.000+0000
003jX0000008MgBQAU,https://business-data-62022.lightning.force.com/lightning/r/Contact/003jX0000008MgBQAU/view,Lerato,Dlamini,lerato.dlamini880@icloud.com,,RY-CONT-01031431,2026-09-09T12:29:09.000+0000
003jX0000008RCkQAM,https://business-data-62022.lightning.force.com/lightning/r/Contact/003jX0000008RCkQAM/view,Katlego,Jacobs,katlego.jacobs509@hotmail.com,001jX000000CaKhQAK,RY-CONT-01032859,2026-09-09T12:34:38.000+0000
003jX0000008MmdQAE,https://business-data-62022.lightning.force.com/lightning/r/Contact/003jX0000008MmdQAE/view,David,Venter,davidventer898@gmail.com,,RY-CONT-01034330,2026-09-09T12:35:54.000+0000
003jX0000008OLLQA2,https://business-data-62022.lightning.force.com/lightning/r/Contact/003jX0000008OLLQA2/view,Shireen,Khumalo,shireenkhumalo61@outlook.com,,RY-CONT-01035195,2026-09-09T12:30:58.000+0000
003jX0000008QGkQAM,https://business-data-62022.lightning.force.com/lightning/r/Contact/003jX0000008QGkQAM/view,Priya,MABASO,priyamabaso61@gmail.com,,RY-CONT-01038367,2026-09-09T12:38:28.000+0000
003jX0000008MD9QAM,https://business-data-62022.lightning.force.com/lightning/r/Contact/003jX0000008MD9QAM/view,Ayanda,Jansen,ayanda.jansen140@gmail.com,001jX000000Ce89QAC,RY-CONT-01038912,2026-09-09T12:27:52.000+0000
003jX0000008NSXQA2,https://business-data-62022.lightning.force.com/lightning/r/Contact/003jX0000008NSXQA2/view,Nomsa,Naidoo,nomsanaidoo273@outlook.com,,RY-CONT-01042643,2026-09-09T12:36:37.000+0000
003jX0000008Oi1QAE,https://business-data-62022.lightning.force.com/lightning/r/Contact/003jX0000008Oi1QAE/view,Naledi,pillay,naledi_pillay19x1.0@gmail.com,,RY-CONT-01053891,2026-09-09T12:31:31.000+0000
003jX0000008Re9QAE,https://business-data-62022.lightning.force.com/lightning/r/Contact/003jX0000008Re9QAE/view,Thabo,Pillay,thabopillay162@hotmail.com,,RY-CONT-01057445,2026-09-09T12:35:25.000+0000
003jX0000008Q2DQAU,https://business-data-62022.lightning.force.com/lightning/r/Contact/003jX0000008Q2DQAU/view,Palesa,Radebe,palesa.radebe210@webmail.co.za,,RY-CONT-01058339,2026-09-09T12:36:46.000+0000
003jX0000008PSkQAM,https://business-data-62022.lightning.force.com/lightning/r/Contact/003jX0000008PSkQAM/view,Priya,Mahlangu,priya.mahlangu111@gmail.com,,RY-CONT-01060755,2026-09-09T12:32:23.000+0000
003jX0000008RavQAE,https://business-data-62022.lightning.force.com/lightning/r/Contact/003jX0000008RavQAE/view,Aisha,Zulu,aisha_zulu13@icloud.com,,RY-CONT-01063966,2026-09-09T12:34:01.000+0000
003jX0000008NdqQAE,https://business-data-62022.lightning.force.com/lightning/r/Contact/003jX0000008NdqQAE/view,Themba,Maseko,themba_maseko29@gmail.com,001jX000000CdQfQAK,RY-CONT-01066849,2026-09-09T12:31:10.000+0000
003jX0000008QdGQAU,https://business-data-62022.lightning.force.com/lightning/r/Contact/003jX0000008QdGQAU/view,Andile,Ndlovu,andile_ndlovu33@outlook.co.za,001jX000000Ccw0QAC,RY-CONT-01067588,2026-09-09T12:28:03.000+0000
003jX0000008MmaQAE,https://business-data-62022.lightning.force.com/lightning/r/Contact/003jX0000008MmaQAE/view,Megan,Ndlovu,megan.ndlovu169@gmail.com,,RY-CONT-01068121,2026-09-09T12:33:21.000+0000
003jX0000008NUAQA2,https://business-data-62022.lightning.force.com/lightning/r/Contact/003jX0000008NUAQA2/view,Tarryn,Ndlovu,tarrynndlovu794@outlook.com,001jX000000CdjzQAC,RY-CONT-01071243,2026-09-09T12:32:27.000+0000
003jX0000008PUJQA2,https://business-data-62022.lightning.force.com/lightning/r/Contact/003jX0000008PUJQA2/view,Bongani,Reddy,,001jX000000CYlvQAG,RY-CONT-01074357,2026-09-09T12:26:46.000+0000
003jX0000008OGaQAM,https://business-data-62022.lightning.force.com/lightning/r/Contact/003jX0000008OGaQAM/view,Fatima,Mahlangu,fatima.mahlangu150@outlook.com,,RY-CONT-01084135,2026-09-09T12:37:49.000+0000
003jX0000008Ml0QAE,https://business-data-62022.lightning.force.com/lightning/r/Contact/003jX0000008Ml0QAE/view,Busisiwe,Govender,busisiwe.govender658@gmail.com,,RY-CONT-01084299,2026-09-09T12:38:06.000+0000
003jX0000008OjaQAE,https://business-data-62022.lightning.force.com/lightning/r/Contact/003jX0000008OjaQAE/view,Sipho,Zulu,sipho.zulu491@gmail.com,,RY-CONT-01086129,2026-09-09T12:38:00.000+0000
003jX0000008QVCQA2,https://business-data-62022.lightning.force.com/lightning/r/Contact/003jX0000008QVCQA2/view,Chantelle,Maseko,chantelle.maseko129@vodamail.co.za,,RY-CONT-01090976,2026-09-09T12:30:24.000+0000
003jX0000008OLKQA2,https://business-data-62022.lightning.force.com/lightning/r/Contact/003jX0000008OLKQA2/view,Nadia,Mabaso,nadia.mabaso87@gmail.com,,RY-CONT-01091526,2026-09-09T12:30:53.000+0000
003jX0000008M8FQAU,https://business-data-62022.lightning.force.com/lightning/r/Contact/003jX0000008M8FQAU/view,Roche,Zulu,roche.zulu205@gmail.com,,RY-CONT-01091721,2026-09-09T12:36:16.000+0000
003jX0000008OJjQAM,https://business-data-62022.lightning.force.com/lightning/r/Contact/003jX0000008OJjQAM/view,Jessica,Smith,jessica.smith112@gmail.com,001jX000000Ca9WQAS,RY-CONT-01092741,2026-09-09T12:30:33.000+0000
003jX0000008PhDQAU,https://business-data-62022.lightning.force.com/lightning/r/Contact/003jX0000008PhDQAU/view,HENDRIK,Radebe,hendrikradebe51@hotmail.com,,RY-CONT-01093142,2026-09-09T12:32:39.000+0000
003jX0000008Q2FQAU,https://business-data-62022.lightning.force.com/lightning/r/Contact/003jX0000008Q2FQAU/view,Rajesh,Dlamini,rajeshdlamini63x1.0@gmail.com,,RY-CONT-01098671,2026-09-09T12:37:25.000+0000
003jX0000008NHEQA2,https://business-data-62022.lightning.force.com/lightning/r/Contact/003jX0000008NHEQA2/view,Chantelle,Pillay,chantelle_pillay17@gmail.com,,RY-CONT-01102137,2026-09-09T12:30:31.000+0000
003jX0000008NPGQA2,https://business-data-62022.lightning.force.com/lightning/r/Contact/003jX0000008NPGQA2/view,Lwazi,Dlamini,,,RY-CONT-01110503,2026-09-09T10:51:06.000+0000
003jX0000008Lk4QAE,https://business-data-62022.lightning.force.com/lightning/r/Contact/003jX0000008Lk4QAE/view,Dewald,Abrahams,,,RY-CONT-01111209,2026-09-09T10:51:46.000+0000
003jX0000008OunQAE,https://business-data-62022.lightning.force.com/lightning/r/Contact/003jX0000008OunQAE/view,Mandla,Van der Merwe,,001jX000000CbrtQAC,RY-CONT-01111296,2026-09-09T10:52:28.000+0000
003jX0000008NsKQAU,https://business-data-62022.lightning.force.com/lightning/r/Contact/003jX0000008NsKQAU/view,Mandla,Radebe,,,RY-CONT-01111319,2026-09-09T10:54:00.000+0000
003jX0000008NnSQAU,https://business-data-62022.lightning.force.com/lightning/r/Contact/003jX0000008NnSQAU/view,Refilwe,SIBIYA,,,RY-CONT-01111585,2026-09-09T10:51:54.000+0000
003jX0000008OhvQAE,https://business-data-62022.lightning.force.com/lightning/r/Contact/003jX0000008OhvQAE/view,Nomsa,Mokoena,,,RY-CONT-01111723,2026-09-09T10:52:37.000+0000
003jX0000008LdaQAE,https://business-data-62022.lightning.force.com/lightning/r/Contact/003jX0000008LdaQAE/view,Zanele,Van der Merwe,,,RY-CONT-01111994,2026-09-09T10:52:20.000+0000
003jX0000008Oy1QAE,https://business-data-62022.lightning.force.com/lightning/r/Contact/003jX0000008Oy1QAE/view,Naledi,Isaacs,,001jX000000Cc1dQAC,RY-CONT-01112129,2026-09-09T10:52:41.000+0000
003jX0000008NfQQAU,https://business-data-62022.lightning.force.com/lightning/r/Contact/003jX0000008NfQQAU/view,RYAN,Radebe,,,RY-CONT-01112462,2026-09-09T10:51:20.000+0000
003jX0000008P1FQAU,https://business-data-62022.lightning.force.com/lightning/r/Contact/003jX0000008P1FQAU/view,Thabo,Nel,,,RY-CONT-01112597,2026-09-09T10:52:57.000+0000
003jX0000008LX8QAM,https://business-data-62022.lightning.force.com/lightning/r/Contact/003jX0000008LX8QAM/view,Willem,Ndlovu,,,RY-CONT-01112753,2026-09-09T10:50:55.000+0000
003jX0000008LX9QAM,https://business-data-62022.lightning.force.com/lightning/r/Contact/003jX0000008LX9QAM/view,WILLEM,Du Plessis,,,RY-CONT-01113243,2026-09-09T10:51:42.000+0000
003jX0000008N9DQAU,https://business-data-62022.lightning.force.com/lightning/r/Contact/003jX0000008N9DQAU/view,Naledi,Govender,,,RY-CONT-01113292,2026-09-09T10:53:14.000+0000
003jX0000008N9CQAU,https://business-data-62022.lightning.force.com/lightning/r/Contact/003jX0000008N9CQAU/view,Fatima,Van Wyk,,,RY-CONT-01113393,2026-09-09T10:52:43.000+0000
003jX0000008LwyQAE,https://business-data-62022.lightning.force.com/lightning/r/Contact/003jX0000008LwyQAE/view,Ayanda,Nel,,,RY-CONT-01113449,2026-09-09T10:53:11.000+0000
003jX0000008MRbQAM,https://business-data-62022.lightning.force.com/lightning/r/Contact/003jX0000008MRbQAM/view,Lerato,Isaacs,,,RY-CONT-01113828,2026-09-09T10:52:02.000+0000
003jX0000008NQsQAM,https://business-data-62022.lightning.force.com/lightning/r/Contact/003jX0000008NQsQAM/view,thabo,Sithole,,,RY-CONT-01113899,2026-09-09T10:51:10.000+0000
003jX0000008MHvQAM,https://business-data-62022.lightning.force.com/lightning/r/Contact/003jX0000008MHvQAM/view,Ashwin,Pretorius,,,RY-CONT-01114092,2026-09-09T10:51:33.000+0000
003jX0000008Od3QAE,https://business-data-62022.lightning.force.com/lightning/r/Contact/003jX0000008Od3QAE/view,Sipho,Sithole,,001jX000000CbWvQAK,RY-CONT-01114195,2026-09-09T10:51:24.000+0000
003jX0000008OhuQAE,https://business-data-62022.lightning.force.com/lightning/r/Contact/003jX0000008OhuQAE/view,Rajesh,Jansen,,,RY-CONT-01114339,2026-09-09T10:52:23.000+0000
003jX0000008N9AQAU,https://business-data-62022.lightning.force.com/lightning/r/Contact/003jX0000008N9AQAU/view,Rajesh,Van der Merwe,,001jX000000Ce89QAC,RY-CONT-01114468,2026-09-09T10:51:58.000+0000
003jX0000008N9BQAU,https://business-data-62022.lightning.force.com/lightning/r/Contact/003jX0000008N9BQAU/view,Nadia,Sithole,,,RY-CONT-01114554,2026-09-09T10:52:39.000+0000
003jX0000008LgqQAE,https://business-data-62022.lightning.force.com/lightning/r/Contact/003jX0000008LgqQAE/view,Fatima,Mabaso,,,RY-CONT-01114608,2026-09-09T10:54:04.000+0000
003jX0000008OGUQA2,https://business-data-62022.lightning.force.com/lightning/r/Contact/003jX0000008OGUQA2/view,Jessica,Radebe,,001jX000000Cc6PQAS,RY-CONT-01115170,2026-09-09T10:53:17.000+0000
003jX0000008OwPQAU,https://business-data-62022.lightning.force.com/lightning/r/Contact/003jX0000008OwPQAU/view,Willem,Zulu,,,RY-CONT-01115661,2026-09-09T10:52:32.000+0000
003jX0000008MMnQAM,https://business-data-62022.lightning.force.com/lightning/r/Contact/003jX0000008MMnQAM/view,Zodwa,Mokoena,,001jX000000Ccw0QAC,RY-CONT-01115709,2026-09-09T10:52:10.000+0000
003jX0000008ObSQAU,https://business-data-62022.lightning.force.com/lightning/r/Contact/003jX0000008ObSQAU/view,Hendrik,Daniels,,,RY-CONT-01115732,2026-09-09T10:52:59.000+0000
003jX0000008PEAQA2,https://business-data-62022.lightning.force.com/lightning/r/Contact/003jX0000008PEAQA2/view,Riaan,Damons,,001jX000000CaEIQA0,RY-CONT-01115827,2026-09-09T10:53:50.000+0000
003jX0000008MkwQAE,https://business-data-62022.lightning.force.com/lightning/r/Contact/003jX0000008MkwQAE/view,Lwazi,Jansen,,001jX000000CbS4QAK,RY-CONT-01116140,2026-09-09T10:50:59.000+0000
003jX0000008LaOQAU,https://business-data-62022.lightning.force.com/lightning/r/Contact/003jX0000008LaOQAU/view,DEWALD,Zulu,,,RY-CONT-01116302,2026-09-09T10:51:22.000+0000
003jX0000008OTPQA2,https://business-data-62022.lightning.force.com/lightning/r/Contact/003jX0000008OTPQA2/view,Aisha,Moodley,,,RY-CONT-01116390,2026-09-09T10:52:30.000+0000
003jX0000008Ol7QAE,https://business-data-62022.lightning.force.com/lightning/r/Contact/003jX0000008Ol7QAE/view,Bongani,Mokoena,,,RY-CONT-01116513,2026-09-09T10:51:56.000+0000
003jX0000008MBUQA2,https://business-data-62022.lightning.force.com/lightning/r/Contact/003jX0000008MBUQA2/view,Marlize,Mahlangu,,,RY-CONT-01117202,2026-09-09T10:53:04.000+0000
003jX0000008LQhQAM,https://business-data-62022.lightning.force.com/lightning/r/Contact/003jX0000008LQhQAM/view,Bongani,Abrahams,,,RY-CONT-01117735,2026-09-09T10:52:53.000+0000
003jX0000008NnUQAU,https://business-data-62022.lightning.force.com/lightning/r/Contact/003jX0000008NnUQAU/view,Nokuthula,Coetzee,,,RY-CONT-01117822,2026-09-09T10:53:38.000+0000
003jX0000008LgpQAE,https://business-data-62022.lightning.force.com/lightning/r/Contact/003jX0000008LgpQAE/view,Bongani,Nel,,,RY-CONT-01117902,2026-09-09T10:53:32.000+0000
003jX0000008NnWQAU,https://business-data-62022.lightning.force.com/lightning/r/Contact/003jX0000008NnWQAU/view,Palesa,Maseko,,001jX000000Cae2QAC,RY-CONT-01117947,2026-09-09T10:53:42.000+0000
003jX0000008PalQAE,https://business-data-62022.lightning.force.com/lightning/r/Contact/003jX0000008PalQAE/view,Ayanda,Ndlovu,,001jX000000CdfDQAS,RY-CONT-01118037,2026-09-09T11:00:08.000+0000
003jX0000008Lx0QAE,https://business-data-62022.lightning.force.com/lightning/r/Contact/003jX0000008Lx0QAE/view,Ayanda,Adams,,,RY-CONT-01118056,2026-09-09T10:54:11.000+0000
003jX0000008OpxQAE,https://business-data-62022.lightning.force.com/lightning/r/Contact/003jX0000008OpxQAE/view,Palesa,Botha,,,RY-CONT-01118067,2026-09-09T10:52:14.000+0000
003jX0000008OjVQAU,https://business-data-62022.lightning.force.com/lightning/r/Contact/003jX0000008OjVQAU/view,Zodwa,Nkosi,,001jX000000CdjzQAC,RY-CONT-01118636,2026-09-09T10:51:52.000+0000
003jX0000008PCXQA2,https://business-data-62022.lightning.force.com/lightning/r/Contact/003jX0000008PCXQA2/view,Nokuthula,Govender,,,RY-CONT-01118800,2026-09-09T10:53:28.000+0000
003jX0000008PFlQAM,https://business-data-62022.lightning.force.com/lightning/r/Contact/003jX0000008PFlQAM/view,Thabo,Naidoo,,,RY-CONT-01119136,2026-09-09T10:54:09.000+0000
003jX0000008OEsQAM,https://business-data-62022.lightning.force.com/lightning/r/Contact/003jX0000008OEsQAM/view,Chad,Pillay,,001jX000000Cd2SQAS,RY-CONT-01119248,2026-09-09T10:53:56.000+0000
003jX0000008KzHQAU,https://business-data-62022.lightning.force.com/lightning/r/Contact/003jX0000008KzHQAU/view,Thabo,Mokoena,,001jX000000CZyBQAW,RY-CONT-01119261,2026-09-09T10:52:22.000+0000
003jX0000008M8EQAU,https://business-data-62022.lightning.force.com/lightning/r/Contact/003jX0000008M8EQAU/view,Pieter,Zulu,,,RY-CONT-01120105,2026-09-09T10:53:09.000+0000
003jX0000008NPHQA2,https://business-data-62022.lightning.force.com/lightning/r/Contact/003jX0000008NPHQA2/view,Nokuthula,Maseko,,001jX000000CZN2QAO,RY-CONT-01120185,2026-09-09T10:51:37.000+0000
003jX0000008LwwQAE,https://business-data-62022.lightning.force.com/lightning/r/Contact/003jX0000008LwwQAE/view,Fatima,Naidoo,,001jX000000Cae2QAC,RY-CONT-01120536,2026-09-09T10:51:04.000+0000
003jX0000008M3PQAU,https://business-data-62022.lightning.force.com/lightning/r/Contact/003jX0000008M3PQAU/view,Nokuthula,Mthembu,,,RY-CONT-01120833,2026-09-09T10:52:45.000+0000
003jX0000008MkxQAE,https://business-data-62022.lightning.force.com/lightning/r/Contact/003jX0000008MkxQAE/view,Thandiwe,Botha,,001jX000000Cd2SQAS,RY-CONT-01121087,2026-09-09T10:51:18.000+0000
003jX0000008McvQAE,https://business-data-62022.lightning.force.com/lightning/r/Contact/003jX0000008McvQAE/view,Zaid,Van Wyk,,001jX000000CYlvQAG,RY-CONT-01121137,2026-09-09T10:50:46.000+0000
003jX0000008NnTQAU,https://business-data-62022.lightning.force.com/lightning/r/Contact/003jX0000008NnTQAU/view,James,Sithole,,001jX000000CbS4QAK,RY-CONT-01121149,2026-09-09T10:53:36.000+0000
003jX0000008NsIQAU,https://business-data-62022.lightning.force.com/lightning/r/Contact/003jX0000008NsIQAU/view,Zanele,Naidoo,,001jX000000CdQfQAK,RY-CONT-01121576,2026-09-09T10:53:01.000+0000
003jX0000008OMyQAM,https://business-data-62022.lightning.force.com/lightning/r/Contact/003jX0000008OMyQAM/view,Lerato,Maseko,,,RY-CONT-01121658,2026-09-09T10:53:54.000+0000
003jX0000008MHuQAM,https://business-data-62022.lightning.force.com/lightning/r/Contact/003jX0000008MHuQAM/view,HENDRIK,Jacobs,,,RY-CONT-01121735,2026-09-09T10:51:29.000+0000
003jX0000008NsJQAU,https://business-data-62022.lightning.force.com/lightning/r/Contact/003jX0000008NsJQAU/view,Themba,Mabaso,,,RY-CONT-01122739,2026-09-09T10:53:58.000+0000
003jX0000008MJXQA2,https://business-data-62022.lightning.force.com/lightning/r/Contact/003jX0000008MJXQA2/view,Kirsten,Daniels,,,RY-CONT-01122772,2026-09-09T10:53:16.000+0000
003jX0000008Nx8QAE,https://business-data-62022.lightning.force.com/lightning/r/Contact/003jX0000008Nx8QAE/view,Chad,Jacobs,,,RY-CONT-01123860,2026-09-09T10:50:56.000+0000
003jX0000008QDRQA2,https://business-data-62022.lightning.force.com/lightning/r/Contact/003jX0000008QDRQA2/view,Megan,Abrahams,,,RY-CONT-01123977,2026-09-09T11:00:05.000+0000
003jX0000008M0BQAU,https://business-data-62022.lightning.force.com/lightning/r/Contact/003jX0000008M0BQAU/view,Hendrik,Van Wyk,,,RY-CONT-01124182,2026-09-09T10:53:44.000+0000
003jX0000008OYDQA2,https://business-data-62022.lightning.force.com/lightning/r/Contact/003jX0000008OYDQA2/view,Thabo,Reddy,,001jX000000CcG3QAK,RY-CONT-01124592,2026-09-09T10:50:53.000+0000
003jX0000008MHwQAM,https://business-data-62022.lightning.force.com/lightning/r/Contact/003jX0000008MHwQAM/view,Lerato,Mokoena,,,RY-CONT-01124947,2026-09-09T10:51:48.000+0000
003jX0000008PSgQAM,https://business-data-62022.lightning.force.com/lightning/r/Contact/003jX0000008PSgQAM/view,Bongani,Steyn,,,RY-CONT-01124980,2026-09-09T10:54:42.000+0000
003jX0000008OpyQAE,https://business-data-62022.lightning.force.com/lightning/r/Contact/003jX0000008OpyQAE/view,Mpho,Mabaso,,,RY-CONT-01125351,2026-09-09T10:52:50.000+0000
003jX0000008O1yQAE,https://business-data-62022.lightning.force.com/lightning/r/Contact/003jX0000008O1yQAE/view,Mpho,Zulu,,001jX000000CbDbQAK,RY-CONT-01125437,2026-09-09T10:52:47.000+0000
003jX0000008OuqQAE,https://business-data-62022.lightning.force.com/lightning/r/Contact/003jX0000008OuqQAE/view,Daniel,Mthembu,,001jX000000CdQgQAK,RY-CONT-01125715,2026-09-09T10:55:35.000+0000
003jX0000008OTOQA2,https://business-data-62022.lightning.force.com/lightning/r/Contact/003jX0000008OTOQA2/view,Lerato,Khumalo,,,RY-CONT-01126078,2026-09-09T10:51:35.000+0000
003jX0000008OefQAE,https://business-data-62022.lightning.force.com/lightning/r/Contact/003jX0000008OefQAE/view,Zanele,Molefe,,,RY-CONT-01126103,2026-09-09T10:51:27.000+0000
003jX0000008OZpQAM,https://business-data-62022.lightning.force.com/lightning/r/Contact/003jX0000008OZpQAM/view,Riaan,Steyn,,,RY-CONT-01126207,2026-09-09T10:51:01.000+0000
003jX0000008MWSQA2,https://business-data-62022.lightning.force.com/lightning/r/Contact/003jX0000008MWSQA2/view,Nomsa,Botha,,,RY-CONT-01126442,2026-09-09T10:53:34.000+0000
003jX0000008P9KQAU,https://business-data-62022.lightning.force.com/lightning/r/Contact/003jX0000008P9KQAU/view,Tshepo,Khumalo,,001jX000000CYlvQAG,RY-CONT-01126739,2026-09-09T10:53:24.000+0000
003jX0000008KzIQAU,https://business-data-62022.lightning.force.com/lightning/r/Contact/003jX0000008KzIQAU/view,Daniel,Pillay,,,RY-CONT-01126763,2026-09-09T10:53:52.000+0000
003jX0000008P7hQAE,https://business-data-62022.lightning.force.com/lightning/r/Contact/003jX0000008P7hQAE/view,Marlize,Dlamini,,001jX000000Ce9lQAC,RY-CONT-01126805,2026-09-09T10:53:12.000+0000
003jX0000008P4TQAU,https://business-data-62022.lightning.force.com/lightning/r/Contact/003jX0000008P4TQAU/view,Kagiso,Mahlangu,,001jX000000CdQgQAK,RY-CONT-01126872,2026-09-09T10:53:07.000+0000
003jX0000008N99QAE,https://business-data-62022.lightning.force.com/lightning/r/Contact/003jX0000008N99QAE/view,Fatima,Isaacs,,,RY-CONT-01127140,2026-09-09T10:51:40.000+0000
003jX0000008NcBQAU,https://business-data-62022.lightning.force.com/lightning/r/Contact/003jX0000008NcBQAU/view,Shireen,DLAMINI,,,RY-CONT-01127480,2026-09-09T10:54:06.000+0000
003jX0000008OMwQAM,https://business-data-62022.lightning.force.com/lightning/r/Contact/003jX0000008OMwQAM/view,Bongani,Jacobs,,001jX000000CYqyQAG,RY-CONT-01128310,2026-09-09T10:52:03.000+0000
003jX0000008NU7QAM,https://business-data-62022.lightning.force.com/lightning/r/Contact/003jX0000008NU7QAM/view,Michael,Moodley,,,RY-CONT-01128611,2026-09-09T10:51:14.000+0000
003jX0000008LosQAE,https://business-data-62022.lightning.force.com/lightning/r/Contact/003jX0000008LosQAE/view,James,Williams,,001jX000000CdDlQAK,RY-CONT-01128678,2026-09-09T10:54:08.000+0000
003jX0000008LwzQAE,https://business-data-62022.lightning.force.com/lightning/r/Contact/003jX0000008LwzQAE/view,James,Hendricks,,,RY-CONT-01129134,2026-09-09T10:53:26.000+0000
003jX0000008P2rQAE,https://business-data-62022.lightning.force.com/lightning/r/Contact/003jX0000008P2rQAE/view,Lerato,Isaacs,,,RY-CONT-01129459,2026-09-09T10:53:05.000+0000
003jX0000008OWcQAM,https://business-data-62022.lightning.force.com/lightning/r/Contact/003jX0000008OWcQAM/view,Riaan,Moodley,,001jX000000CbWvQAK,RY-CONT-01130952,2026-09-09T10:54:01.000+0000
003jX0000008OoLQAU,https://business-data-62022.lightning.force.com/lightning/r/Contact/003jX0000008OoLQAU/view,Themba,Steyn,,,RY-CONT-01131298,2026-09-09T10:52:12.000+0000
003jX0000008NE0QAM,https://business-data-62022.lightning.force.com/lightning/r/Contact/003jX0000008NE0QAM/view,Chad,Smith,,001jX000000CdX4QAK,RY-CONT-01131373,2026-09-09T10:52:34.000+0000
003jX0000008NDzQAM,https://business-data-62022.lightning.force.com/lightning/r/Contact/003jX0000008NDzQAM/view,Tshepo,Sibiya,,,RY-CONT-01131454,2026-09-09T10:50:48.000+0000
003jX0000008MD5QAM,https://business-data-62022.lightning.force.com/lightning/r/Contact/003jX0000008MD5QAM/view,Ayanda,Nyathi,,,RY-CONT-01131928,2026-09-09T10:52:18.000+0000
003jX0000008OgHQAU,https://business-data-62022.lightning.force.com/lightning/r/Contact/003jX0000008OgHQAU/view,Roche,September,,001jX000000CdDlQAK,RY-CONT-01133146,2026-09-09T10:51:32.000+0000
003jX0000008LwxQAE,https://business-data-62022.lightning.force.com/lightning/r/Contact/003jX0000008LwxQAE/view,Hendrik,Isaacs,,001jX000000CaEIQA0,RY-CONT-01133435,2026-09-09T10:51:12.000+0000
003jX0000008PHNQA2,https://business-data-62022.lightning.force.com/lightning/r/Contact/003jX0000008PHNQA2/view,michael,Williams,,001jX000000CZN2QAO,RY-CONT-01133778,2026-09-09T10:54:13.000+0000
003jX0000008OMxQAM,https://business-data-62022.lightning.force.com/lightning/r/Contact/003jX0000008OMxQAM/view,Nokuthula,Du Plessis,,,RY-CONT-01134064,2026-09-09T10:52:06.000+0000
003jX0000008OtBQAU,https://business-data-62022.lightning.force.com/lightning/r/Contact/003jX0000008OtBQAU/view,Ayanda,VAN DER MERWE,,,RY-CONT-01134085,2026-09-09T10:52:26.000+0000
003jX0000008LH1QAM,https://business-data-62022.lightning.force.com/lightning/r/Contact/003jX0000008LH1QAM/view,Tshepo,Abrahams,,,RY-CONT-01134425,2026-09-09T10:50:51.000+0000
003jX0000008PsUQAU,https://business-data-62022.lightning.force.com/lightning/r/Contact/003jX0000008PsUQAU/view,Ayanda,Adams,,,RY-CONT-01134532,2026-09-09T11:02:17.000+0000
003jX0000008OrZQAU,https://business-data-62022.lightning.force.com/lightning/r/Contact/003jX0000008OrZQAU/view,Zodwa,Mahlangu,,001jX000000Ca9WQAS,RY-CONT-01135159,2026-09-09T10:52:15.000+0000
003jX0000008LKEQA2,https://business-data-62022.lightning.force.com/lightning/r/Contact/003jX0000008LKEQA2/view,James,Van der Merwe,,,RY-CONT-01135278,2026-09-09T11:03:44.000+0000
003jX0000008OmjQAE,https://business-data-62022.lightning.force.com/lightning/r/Contact/003jX0000008OmjQAE/view,Chad,Du Plessis,,,RY-CONT-01135449,2026-09-09T10:52:08.000+0000
003jX0000008PAvQAM,https://business-data-62022.lightning.force.com/lightning/r/Contact/003jX0000008PAvQAM/view,Riaan,Van der Merwe,,,RY-CONT-01136093,2026-09-09T10:53:22.000+0000
003jX0000008McwQAE,https://business-data-62022.lightning.force.com/lightning/r/Contact/003jX0000008McwQAE/view,Thabo,Nyathi,,001jX000000CcG3QAK,RY-CONT-01136302,2026-09-09T10:53:30.000+0000
003jX0000008ObRQAU,https://business-data-62022.lightning.force.com/lightning/r/Contact/003jX0000008ObRQAU/view,Yusuf,Van der Merwe,,,RY-CONT-01136384,2026-09-09T10:51:16.000+0000
003jX0000008OZqQAM,https://business-data-62022.lightning.force.com/lightning/r/Contact/003jX0000008OZqQAM/view,Tshepo,Ndlovu,,,RY-CONT-01136518,2026-09-09T10:51:03.000+0000
003jX0000008OzdQAE,https://business-data-62022.lightning.force.com/lightning/r/Contact/003jX0000008OzdQAE/view,Kagiso,Nortje,,001jX000000CdfDQAS,RY-CONT-01137094,2026-09-09T10:52:55.000+0000
003jX0000008PE9QAM,https://business-data-62022.lightning.force.com/lightning/r/Contact/003jX0000008PE9QAM/view,Elmarie,Van Wyk,,,RY-CONT-01137241,2026-09-09T10:53:46.000+0000
003jX0000008MkyQAE,https://business-data-62022.lightning.force.com/lightning/r/Contact/003jX0000008MkyQAE/view,Refilwe,Reddy,,,RY-CONT-01137854,2026-09-09T10:52:00.000+0000
003jX0000008OhtQAE,https://business-data-62022.lightning.force.com/lightning/r/Contact/003jX0000008OhtQAE/view,Nomsa,Khumalo,,001jX000000CaKhQAK,RY-CONT-01138107,2026-09-09T10:51:43.000+0000
003jX0000008P9JQAU,https://business-data-62022.lightning.force.com/lightning/r/Contact/003jX0000008P9JQAU/view,Sibusiso,Van der Merwe,,,RY-CONT-01138223,2026-09-09T10:53:20.000+0000
003jX0000008NnVQAU,https://business-data-62022.lightning.force.com/lightning/r/Contact/003jX0000008NnVQAU/view,Zanele,Venter,,,RY-CONT-01138461,2026-09-09T10:53:39.000+0000
